{"stats":{"minecraft:custom":{"minecraft:jump":178,"minecraft:time_since_rest":25868,"minecraft:damage_dealt":5312,"minecraft:crouch_one_cm":2423,"minecraft:leave_game":4,"minecraft:play_time":25868,"minecraft:sprint_one_cm":20311,"minecraft:damage_taken":164,"minecraft:time_since_death":25868,"minecraft:walk_one_cm":52043,"minecraft:bell_ring":18,"minecraft:sneak_time":358,"minecraft:total_world_time":25868,"minecraft:mob_kills":4,"minecraft:fall_one_cm":1026,"minecraft:fly_one_cm":37438},"minecraft:picked_up":{"minecraft:dirt":8},"minecraft:used":{"minecraft:diamond_sword":81,"minecraft:dirt":2,"minecraft:bell":2},"minecraft:mined":{"minecraft:powder_snow":6,"minecraft:dirt":8},"minecraft:killed":{"cave_dweller:cave_dweller":2}},"DataVersion":3465}