{"stats":{"minecraft:used":{"minecraft:oak_log":235,"minecraft:diamond_sword":109,"minecraft:dirt":2,"minecraft:iron_golem_spawn_egg":28,"minecraft:acacia_button":20,"minecraft:bell":4},"minecraft:dropped":{"minecraft:diamond_pickaxe":1,"minecraft:acacia_button":12},"minecraft:mined":{"minecraft:dirt":8,"minecraft:powder_snow":6},"minecraft:killed_by":{"minecraft:player":1},"minecraft:picked_up":{"minecraft:dirt":8,"minecraft:diamond_pickaxe":1},"minecraft:killed":{"cave_dweller:cave_dweller":2},"minecraft:custom":{"minecraft:time_since_rest":2653,"minecraft:crouch_one_cm":3647,"minecraft:sprint_one_cm":40945,"minecraft:play_time":54162,"minecraft:deaths":3,"minecraft:damage_taken":490,"minecraft:walk_one_cm":94465,"minecraft:sneak_time":1047,"minecraft:bell_ring":94,"minecraft:mob_kills":4,"minecraft:drop":13,"minecraft:jump":324,"minecraft:damage_dealt":7337,"minecraft:leave_game":6,"minecraft:time_since_death":2618,"minecraft:total_world_time":54162,"minecraft:fall_one_cm":2348,"minecraft:fly_one_cm":92066}},"DataVersion":3465}