{"stats":{"minecraft:used":{"minecraft:oak_log":235,"minecraft:diamond_sword":109,"minecraft:dirt":2,"minecraft:iron_golem_spawn_egg":28,"minecraft:egg":41,"minecraft:acacia_button":20,"minecraft:bell":4},"minecraft:dropped":{"minecraft:diamond_pickaxe":1,"minecraft:acacia_button":12},"minecraft:mined":{"minecraft:dirt":8,"minecraft:powder_snow":6},"minecraft:killed_by":{"minecraft:player":1},"minecraft:picked_up":{"minecraft:dirt":8,"minecraft:egg":1,"minecraft:diamond_pickaxe":1},"minecraft:killed":{"cave_dweller:cave_dweller":2},"minecraft:custom":{"minecraft:time_since_rest":8931,"minecraft:crouch_one_cm":3647,"minecraft:sprint_one_cm":41529,"minecraft:play_time":60440,"minecraft:deaths":3,"minecraft:damage_taken":490,"minecraft:walk_one_cm":95675,"minecraft:sneak_time":1047,"minecraft:bell_ring":94,"minecraft:mob_kills":4,"minecraft:drop":13,"minecraft:jump":326,"minecraft:damage_dealt":7337,"minecraft:leave_game":7,"minecraft:time_since_death":8896,"minecraft:total_world_time":60440,"minecraft:fall_one_cm":2348,"minecraft:fly_one_cm":92317}},"DataVersion":3465}