{"stats":{"minecraft:used":{"minecraft:dirt":2,"minecraft:bell":1},"minecraft:custom":{"minecraft:jump":94,"minecraft:time_since_rest":17771,"minecraft:crouch_one_cm":2153,"minecraft:leave_game":3,"minecraft:play_time":17771,"minecraft:sprint_one_cm":11997,"minecraft:damage_taken":164,"minecraft:time_since_death":17771,"minecraft:walk_one_cm":25263,"minecraft:bell_ring":8,"minecraft:sneak_time":246,"minecraft:total_world_time":17771,"minecraft:fall_one_cm":1026,"minecraft:fly_one_cm":22739},"minecraft:mined":{"minecraft:powder_snow":6,"minecraft:dirt":8},"minecraft:picked_up":{"minecraft:dirt":8}},"DataVersion":3465}