{"stats":{"minecraft:custom":{"minecraft:time_since_rest":4063,"minecraft:crouch_one_cm":3088,"minecraft:sprint_one_cm":32956,"minecraft:play_time":43869,"minecraft:deaths":2,"minecraft:damage_taken":490,"minecraft:walk_one_cm":87966,"minecraft:sneak_time":775,"minecraft:bell_ring":94,"minecraft:mob_kills":4,"minecraft:drop":13,"minecraft:jump":283,"minecraft:damage_dealt":7317,"minecraft:leave_game":5,"minecraft:time_since_death":3972,"minecraft:total_world_time":43869,"minecraft:fall_one_cm":2348,"minecraft:fly_one_cm":65050},"minecraft:picked_up":{"minecraft:dirt":8,"minecraft:diamond_pickaxe":1},"minecraft:killed_by":{"minecraft:player":1},"minecraft:used":{"minecraft:oak_log":235,"minecraft:diamond_sword":109,"minecraft:dirt":2,"minecraft:iron_golem_spawn_egg":28,"minecraft:acacia_button":20,"minecraft:bell":4},"minecraft:dropped":{"minecraft:diamond_pickaxe":1,"minecraft:acacia_button":12},"minecraft:mined":{"minecraft:dirt":8,"minecraft:powder_snow":6},"minecraft:killed":{"cave_dweller:cave_dweller":2}},"DataVersion":3465}