{"stats":{"minecraft:used":{"minecraft:netherite_sword":133,"minecraft:torch":39,"the_knocker:knocker_spawn_egg":93,"cave_dweller:cave_dweller_spawn_egg":101,"minecraft:oak_wood":13,"minecraft:acacia_button":21},"minecraft:dropped":{"minecraft:rotten_flesh":2,"gravestone:obituary":1,"minecraft:porkchop":2,"minecraft:torch":3,"minecraft:acacia_button":12,"minecraft:oak_sapling":1},"minecraft:mined":{"minecraft:oak_leaves":1},"minecraft:picked_up":{"minecraft:rotten_flesh":2,"minecraft:torch":2,"minecraft:porkchop":2,"minecraft:iron_ingot":16,"minecraft:acacia_button":384,"minecraft:gunpowder":2,"minecraft:oak_sapling":1},"minecraft:killed":{"minecraft:iron_golem":3,"cave_dweller:cave_dweller":5,"minecraft:donkey":1,"minecraft:zombie":1,"minecraft:pig":4,"minecraft:creeper":1},"minecraft:custom":{"minecraft:time_since_rest":6462,"minecraft:crouch_one_cm":2821,"minecraft:damage_taken":5330,"minecraft:play_time":95654,"minecraft:sprint_one_cm":15854,"minecraft:walk_one_cm":68893,"minecraft:deaths":8,"minecraft:sneak_time":2263,"minecraft:mob_kills":15,"minecraft:drop":21,"minecraft:jump":331,"minecraft:damage_dealt":11238,"minecraft:leave_game":15,"minecraft:time_since_death":6417,"minecraft:total_world_time":95654,"minecraft:fall_one_cm":53930,"minecraft:fly_one_cm":1277845,"minecraft:player_kills":1}},"DataVersion":3465}