{"stats":{"minecraft:custom":{"minecraft:time_since_rest":65830,"minecraft:crouch_one_cm":2582,"minecraft:sprint_one_cm":12643,"minecraft:play_time":65830,"minecraft:walk_one_cm":48704,"minecraft:sneak_time":1142,"minecraft:mob_kills":8,"minecraft:drop":8,"minecraft:jump":144,"minecraft:damage_dealt":3026,"minecraft:leave_game":9,"minecraft:time_since_death":65830,"minecraft:total_world_time":65830,"minecraft:fly_one_cm":554575},"minecraft:picked_up":{"minecraft:rotten_flesh":2,"minecraft:torch":2,"minecraft:porkchop":2,"minecraft:oak_sapling":1},"minecraft:used":{"the_knocker:knocker_spawn_egg":39,"minecraft:torch":39,"minecraft:netherite_sword":47,"cave_dweller:cave_dweller_spawn_egg":49},"minecraft:dropped":{"minecraft:rotten_flesh":2,"minecraft:porkchop":2,"minecraft:torch":3,"minecraft:oak_sapling":1},"minecraft:killed":{"cave_dweller:cave_dweller":2,"minecraft:donkey":1,"minecraft:zombie":1,"minecraft:pig":4}},"DataVersion":3465}