{"stats":{"minecraft:custom":{"minecraft:time_since_rest":3519,"minecraft:crouch_one_cm":2730,"minecraft:play_time":80884,"minecraft:sprint_one_cm":15854,"minecraft:damage_taken":4620,"minecraft:deaths":6,"minecraft:walk_one_cm":67081,"minecraft:sneak_time":1557,"minecraft:mob_kills":12,"minecraft:drop":20,"minecraft:jump":273,"minecraft:damage_dealt":8249,"minecraft:leave_game":11,"minecraft:time_since_death":3480,"minecraft:total_world_time":80884,"minecraft:fall_one_cm":46269,"minecraft:fly_one_cm":826735,"minecraft:player_kills":1},"minecraft:picked_up":{"minecraft:rotten_flesh":2,"minecraft:torch":2,"minecraft:porkchop":2,"minecraft:iron_ingot":3,"minecraft:gunpowder":2,"minecraft:oak_sapling":1},"minecraft:used":{"minecraft:netherite_sword":101,"minecraft:torch":39,"the_knocker:knocker_spawn_egg":93,"cave_dweller:cave_dweller_spawn_egg":101,"minecraft:oak_wood":13,"minecraft:acacia_button":21},"minecraft:mined":{"minecraft:oak_leaves":1},"minecraft:dropped":{"minecraft:rotten_flesh":2,"minecraft:porkchop":2,"minecraft:torch":3,"minecraft:acacia_button":12,"minecraft:oak_sapling":1},"minecraft:killed":{"cave_dweller:cave_dweller":5,"minecraft:donkey":1,"minecraft:zombie":1,"minecraft:pig":4,"minecraft:creeper":1}},"DataVersion":3465}