{"stats":{"minecraft:used":{"minecraft:torch":39,"minecraft:netherite_sword":13},"minecraft:custom":{"minecraft:jump":109,"minecraft:time_since_rest":23015,"minecraft:damage_dealt":895,"minecraft:crouch_one_cm":2460,"minecraft:leave_game":7,"minecraft:play_time":23015,"minecraft:sprint_one_cm":12613,"minecraft:time_since_death":23015,"minecraft:walk_one_cm":37252,"minecraft:sneak_time":644,"minecraft:total_world_time":23015,"minecraft:mob_kills":6,"minecraft:fly_one_cm":331423},"minecraft:picked_up":{"minecraft:porkchop":2,"minecraft:rotten_flesh":2,"minecraft:torch":2},"minecraft:killed":{"minecraft:pig":4,"minecraft:donkey":1,"minecraft:zombie":1}},"DataVersion":3465}