{"stats":{"minecraft:used":{"minecraft:netherite_sword":7},"minecraft:custom":{"minecraft:jump":37,"minecraft:time_since_rest":14555,"minecraft:damage_dealt":444,"minecraft:leave_game":6,"minecraft:play_time":14555,"minecraft:sprint_one_cm":3350,"minecraft:time_since_death":14555,"minecraft:walk_one_cm":8771,"minecraft:sneak_time":157,"minecraft:total_world_time":14555,"minecraft:mob_kills":4,"minecraft:fly_one_cm":231395},"minecraft:picked_up":{"minecraft:porkchop":2},"minecraft:killed":{"minecraft:pig":4}},"DataVersion":3465}