{"stats":{"minecraft:picked_up":{"minecraft:rotten_flesh":2,"minecraft:torch":2,"minecraft:porkchop":2},"minecraft:dropped":{"minecraft:torch":3},"minecraft:custom":{"minecraft:time_since_rest":28843,"minecraft:crouch_one_cm":2460,"minecraft:sprint_one_cm":12643,"minecraft:play_time":28843,"minecraft:walk_one_cm":46083,"minecraft:sneak_time":658,"minecraft:mob_kills":7,"minecraft:drop":3,"minecraft:jump":127,"minecraft:damage_dealt":2645,"minecraft:leave_game":8,"minecraft:time_since_death":28843,"minecraft:total_world_time":28843,"minecraft:fly_one_cm":408153},"minecraft:used":{"minecraft:torch":39,"the_knocker:knocker_spawn_egg":7,"minecraft:netherite_sword":41,"cave_dweller:cave_dweller_spawn_egg":7},"minecraft:killed":{"cave_dweller:cave_dweller":1,"minecraft:donkey":1,"minecraft:zombie":1,"minecraft:pig":4}},"DataVersion":3465}