{"stats":{"minecraft:picked_up":{"minecraft:stripped_oak_log":2,"minecraft:birch_log":21,"minecraft:iron_chestplate":1,"minecraft:crafting_table":1,"minecraft:feather":3,"minecraft:chicken":4,"minecraft:oak_log":11,"minecraft:shield":1,"minecraft:dirt":19,"minecraft:item_frame":1,"minecraft:apple":1,"minecraft:cobbled_deepslate":3,"minecraft:bell":1,"minecraft:iron_ingot":11,"minecraft:cooked_chicken":1,"minecraft:oak_boat":3,"minecraft:oak_planks":3,"minecraft:stick":3,"minecraft:smooth_basalt":18,"minecraft:jukebox":1,"minecraft:birch_boat":12,"minecraft:cooked_porkchop":3,"minecraft:pumpkin":3,"minecraft:torch":4,"minecraft:porkchop":6,"minecraft:spruce_sapling":3,"minecraft:spruce_log":30,"minecraft:stone_sword":1,"minecraft:rotten_flesh":2,"minecraft:peony":2,"minecraft:oak_sapling":2,"minecraft:coal":31,"minecraft:cobblestone":103},"minecraft:mined":{"minecraft:powder_snow":9,"gravestone:gravestone":2,"minecraft:grass_block":3,"minecraft:cobblestone":18,"minecraft:spruce_leaves":8,"minecraft:birch_log":21,"minecraft:spruce_log":32,"minecraft:birch_leaves":1,"minecraft:pumpkin":3,"minecraft:grass":6,"minecraft:oak_log":11,"minecraft:coal_ore":30,"minecraft:dirt":4,"minecraft:stripped_oak_log":1,"minecraft:oak_leaves":11},"minecraft:used":{"minecraft:cooked_mutton":1,"minecraft:stone_sword":24,"minecraft:stone_shovel":29,"minecraft:stone_pickaxe":52,"minecraft:birch_boat":12,"minecraft:cooked_chicken":7,"minecraft:iron_chestplate":1,"minecraft:torch":4,"minecraft:dirt":1,"minecraft:crafting_table":3,"minecraft:wooden_axe":59,"minecraft:apple":1,"minecraft:item_frame":1,"minecraft:porkchop":6,"minecraft:cooked_porkchop":10,"minecraft:oak_boat":3,"minecraft:pumpkin":1,"minecraft:jukebox":1},"minecraft:dropped":{"minecraft:stripped_oak_log":1,"gravestone:obituary":2,"minecraft:birch_boat":9},"minecraft:killed":{"minecraft:pig":3,"minecraft:spider":1,"minecraft:phantom":1,"minecraft:zombie":1,"minecraft:chicken":4},"minecraft:custom":{"minecraft:interact_with_furnace":7,"minecraft:mob_kills":10,"minecraft:interact_with_crafting_table":15,"minecraft:bell_ring":13,"minecraft:time_since_death":42689,"minecraft:climb_one_cm":8955,"minecraft:time_since_rest":63458,"minecraft:sprint_one_cm":496898,"minecraft:damage_taken":2266,"minecraft:walk_one_cm":197836,"minecraft:drop":12,"minecraft:damage_dealt":1349,"minecraft:swim_one_cm":71917,"minecraft:fly_one_cm":252833,"minecraft:open_chest":5,"minecraft:crouch_one_cm":4633,"minecraft:play_time":113359,"minecraft:deaths":5,"minecraft:sneak_time":1517,"minecraft:walk_under_water_one_cm":6148,"minecraft:boat_one_cm":475,"minecraft:jump":1743,"minecraft:walk_on_water_one_cm":8379,"minecraft:total_world_time":113359,"minecraft:fall_one_cm":43683},"minecraft:broken":{"minecraft:wooden_axe":1},"minecraft:killed_by":{"minecraft:creeper":1,"cave_dweller:cave_dweller":1},"minecraft:crafted":{"minecraft:wooden_sword":3,"minecraft:oak_planks":20,"minecraft:stone_shovel":1,"minecraft:cooked_porkchop":8,"minecraft:crafting_table":3,"minecraft:birch_boat":10,"minecraft:cooked_chicken":1,"minecraft:birch_planks":88,"minecraft:cooked_mutton":2,"minecraft:air":0,"minecraft:iron_boots":1,"minecraft:shield":1,"minecraft:stick":8,"minecraft:stone_pickaxe":4,"minecraft:wooden_axe":1,"minecraft:stone_sword":1,"minecraft:iron_leggings":1}},"DataVersion":3465}