{"stats":{"minecraft:picked_up":{"minecraft:birch_log":21,"minecraft:stripped_oak_log":2,"minecraft:smooth_basalt":18,"minecraft:stick":3,"minecraft:crafting_table":1,"minecraft:chicken":2,"minecraft:cooked_porkchop":3,"minecraft:pumpkin":3,"minecraft:porkchop":6,"minecraft:oak_log":11,"minecraft:spruce_sapling":3,"minecraft:spruce_log":30,"minecraft:dirt":18,"minecraft:apple":1,"minecraft:peony":2,"minecraft:bell":1,"minecraft:iron_ingot":11,"minecraft:oak_planks":1,"minecraft:coal":13},"minecraft:mined":{"minecraft:birch_log":21,"minecraft:spruce_log":32,"minecraft:birch_leaves":1,"minecraft:powder_snow":9,"minecraft:pumpkin":3,"gravestone:gravestone":2,"minecraft:grass":6,"minecraft:coal_ore":13,"minecraft:grass_block":3,"minecraft:oak_log":11,"minecraft:dirt":3,"minecraft:stripped_oak_log":1,"minecraft:spruce_leaves":8,"minecraft:oak_leaves":10},"minecraft:used":{"minecraft:wooden_axe":59,"minecraft:cooked_mutton":1,"minecraft:apple":1,"minecraft:stone_shovel":29,"minecraft:stone_pickaxe":15,"minecraft:cooked_chicken":5,"minecraft:crafting_table":3,"minecraft:cooked_porkchop":5,"minecraft:porkchop":6,"minecraft:pumpkin":1},"minecraft:dropped":{"gravestone:obituary":1,"minecraft:stripped_oak_log":1},"minecraft:killed":{"minecraft:pig":3,"minecraft:chicken":2,"minecraft:phantom":1},"minecraft:custom":{"minecraft:time_since_rest":33458,"minecraft:interact_with_furnace":4,"minecraft:sprint_one_cm":374289,"minecraft:damage_taken":1784,"minecraft:walk_one_cm":137547,"minecraft:mob_kills":6,"minecraft:drop":2,"minecraft:damage_dealt":666,"minecraft:swim_one_cm":71917,"minecraft:interact_with_crafting_table":12,"minecraft:fly_one_cm":178658,"minecraft:open_chest":5,"minecraft:crouch_one_cm":4391,"minecraft:play_time":83359,"minecraft:deaths":5,"minecraft:sneak_time":1454,"minecraft:bell_ring":13,"minecraft:walk_under_water_one_cm":6148,"minecraft:jump":1365,"minecraft:walk_on_water_one_cm":8379,"minecraft:time_since_death":12689,"minecraft:climb_one_cm":8939,"minecraft:total_world_time":83359,"minecraft:fall_one_cm":38218},"minecraft:broken":{"minecraft:wooden_axe":1},"minecraft:killed_by":{"cave_dweller:cave_dweller":1,"minecraft:creeper":1},"minecraft:crafted":{"minecraft:wooden_sword":3,"minecraft:oak_planks":20,"minecraft:stone_shovel":1,"minecraft:iron_boots":1,"minecraft:cooked_porkchop":8,"minecraft:shield":1,"minecraft:crafting_table":3,"minecraft:stick":8,"minecraft:stone_pickaxe":1,"minecraft:wooden_axe":1,"minecraft:iron_leggings":1,"minecraft:birch_planks":36,"minecraft:air":0,"minecraft:cooked_mutton":2}},"DataVersion":3465}