{"stats":{"minecraft:picked_up":{"minecraft:birch_log":5,"minecraft:stripped_oak_log":2,"minecraft:stick":1,"minecraft:chicken":2,"minecraft:pumpkin":3,"minecraft:porkchop":6,"minecraft:oak_log":2,"minecraft:spruce_sapling":1,"minecraft:dirt":15,"minecraft:apple":1,"minecraft:peony":2,"minecraft:bell":1,"minecraft:coal":13},"minecraft:mined":{"minecraft:birch_log":5,"minecraft:birch_leaves":1,"minecraft:pumpkin":3,"gravestone:gravestone":2,"minecraft:grass":5,"minecraft:coal_ore":13,"minecraft:grass_block":2,"minecraft:oak_log":2,"minecraft:dirt":1,"minecraft:stripped_oak_log":1,"minecraft:spruce_leaves":5,"minecraft:oak_leaves":3},"minecraft:used":{"minecraft:cooked_mutton":1,"minecraft:apple":1,"minecraft:stone_shovel":13,"minecraft:stone_pickaxe":15,"minecraft:cooked_chicken":5,"minecraft:crafting_table":1,"minecraft:porkchop":6,"minecraft:pumpkin":1},"minecraft:dropped":{"gravestone:obituary":1,"minecraft:stripped_oak_log":1},"minecraft:killed":{"minecraft:pig":3,"minecraft:chicken":2,"minecraft:phantom":1},"minecraft:custom":{"minecraft:time_since_rest":13275,"minecraft:interact_with_furnace":1,"minecraft:sprint_one_cm":262721,"minecraft:damage_taken":940,"minecraft:walk_one_cm":79237,"minecraft:mob_kills":6,"minecraft:drop":2,"minecraft:damage_dealt":505,"minecraft:swim_one_cm":24289,"minecraft:interact_with_crafting_table":6,"minecraft:fly_one_cm":129034,"minecraft:open_chest":3,"minecraft:crouch_one_cm":3973,"minecraft:play_time":35359,"minecraft:deaths":3,"minecraft:sneak_time":1183,"minecraft:bell_ring":13,"minecraft:walk_under_water_one_cm":3623,"minecraft:jump":927,"minecraft:walk_on_water_one_cm":4317,"minecraft:time_since_death":13240,"minecraft:climb_one_cm":5973,"minecraft:total_world_time":35359,"minecraft:fall_one_cm":25718},"minecraft:killed_by":{"cave_dweller:cave_dweller":1,"minecraft:creeper":1},"minecraft:crafted":{"minecraft:oak_planks":4,"minecraft:stone_shovel":1,"minecraft:crafting_table":2,"minecraft:stone_pickaxe":1,"minecraft:birch_planks":20,"minecraft:cooked_mutton":2}},"DataVersion":3465}