{"stats":{"minecraft:picked_up":{"minecraft:stripped_oak_log":2,"minecraft:chicken":2,"minecraft:pumpkin":3,"minecraft:porkchop":3,"minecraft:birch_log":5},"minecraft:used":{"minecraft:cooked_mutton":1,"minecraft:porkchop":1},"minecraft:mined":{"minecraft:grass":3,"minecraft:stripped_oak_log":1,"minecraft:birch_log":5,"minecraft:birch_leaves":1,"minecraft:pumpkin":3,"minecraft:oak_leaves":1},"minecraft:dropped":{"minecraft:stripped_oak_log":1},"minecraft:killed":{"minecraft:pig":1,"minecraft:chicken":2},"minecraft:custom":{"minecraft:time_since_rest":400,"minecraft:open_chest":1,"minecraft:crouch_one_cm":1239,"minecraft:play_time":11359,"minecraft:interact_with_furnace":1,"minecraft:sprint_one_cm":84860,"minecraft:deaths":1,"minecraft:damage_taken":230,"minecraft:walk_one_cm":23854,"minecraft:sneak_time":313,"minecraft:mob_kills":3,"minecraft:drop":1,"minecraft:jump":302,"minecraft:damage_dealt":179,"minecraft:time_since_death":304,"minecraft:total_world_time":11359,"minecraft:climb_one_cm":734,"minecraft:fall_one_cm":10236,"minecraft:fly_one_cm":43725},"minecraft:killed_by":{"cave_dweller:cave_dweller":1},"minecraft:crafted":{"minecraft:birch_planks":20,"minecraft:crafting_table":1,"minecraft:cooked_mutton":2}},"DataVersion":3465}