{"stats":{"minecraft:picked_up":{"minecraft:crafting_table":2,"minecraft:salmon":44,"minecraft:leather":2,"minecraft:brown_mushroom":1,"minecraft:oak_log":63,"gravestone:obituary":1,"minecraft:gunpowder":1,"minecraft:dirt":30,"minecraft:string":1,"minecraft:item_frame":1,"minecraft:bone":1,"minecraft:cobbled_deepslate":132,"minecraft:beef":5,"minecraft:oak_boat":2,"minecraft:light_gray_wool":2,"minecraft:sugar_cane":26,"minecraft:birch_boat":7,"minecraft:torch":9,"minecraft:porkchop":16,"minecraft:ink_sac":2,"minecraft:spider_eye":1,"minecraft:arrow":3,"minecraft:rotten_flesh":5,"minecraft:oak_sapling":5,"minecraft:mutton":5,"minecraft:white_wool":3,"minecraft:cobblestone":64},"minecraft:mined":{"minecraft:brown_mushroom":1,"minecraft:torch":4,"minecraft:crafting_table":1,"gravestone:gravestone":5,"minecraft:grass_block":1,"minecraft:cobblestone":37,"minecraft:sugar_cane":11,"minecraft:oak_planks":2,"minecraft:cobbled_deepslate":5,"minecraft:birch_leaves":1,"minecraft:bee_nest":1,"minecraft:grass":2,"minecraft:oak_log":61,"minecraft:dirt":9,"minecraft:stone":20,"minecraft:oak_leaves":14},"minecraft:used":{"minecraft:stone_sword":24,"minecraft:stone_pickaxe":7,"minecraft:oak_planks":22,"minecraft:wooden_pickaxe":59,"minecraft:birch_boat":1,"minecraft:cooked_salmon":16,"minecraft:torch":7,"minecraft:dirt":10,"minecraft:crafting_table":1,"minecraft:oak_log":9,"minecraft:item_frame":1,"minecraft:stone_axe":80,"minecraft:wooden_sword":59,"minecraft:cobblestone":48,"minecraft:furnace":1,"minecraft:oak_boat":1,"minecraft:cobbled_deepslate":93},"minecraft:dropped":{"gravestone:obituary":6,"minecraft:birch_boat":6},"minecraft:killed":{"minecraft:pig":8,"minecraft:salmon":44,"minecraft:spider":2,"minecraft:squid":1,"minecraft:sheep":5,"minecraft:skeleton":3,"minecraft:zombie":3,"minecraft:cow":4},"minecraft:custom":{"minecraft:interact_with_furnace":32,"minecraft:mob_kills":70,"minecraft:interact_with_crafting_table":7,"minecraft:time_since_death":56220,"minecraft:climb_one_cm":10523,"minecraft:time_since_rest":56251,"minecraft:sprint_one_cm":292297,"minecraft:damage_taken":1424,"minecraft:walk_one_cm":181373,"minecraft:drop":12,"minecraft:damage_dealt":4365,"minecraft:swim_one_cm":154549,"minecraft:fly_one_cm":168996,"minecraft:crouch_one_cm":5052,"minecraft:play_time":67374,"minecraft:deaths":2,"minecraft:sneak_time":1587,"minecraft:walk_under_water_one_cm":40165,"minecraft:boat_one_cm":56445,"minecraft:jump":1095,"minecraft:walk_on_water_one_cm":18527,"minecraft:total_world_time":67374,"minecraft:fall_one_cm":28866},"minecraft:broken":{"minecraft:wooden_sword":1,"minecraft:wooden_pickaxe":1},"minecraft:killed_by":{"minecraft:drowned":1},"minecraft:crafted":{"minecraft:wooden_sword":1,"minecraft:oak_planks":64,"minecraft:crafting_table":1,"minecraft:wooden_pickaxe":1,"minecraft:furnace":1,"minecraft:cooked_salmon":32,"minecraft:stone_axe":1,"minecraft:air":0,"minecraft:stick":8,"minecraft:stone_pickaxe":1,"minecraft:stone_sword":1}},"DataVersion":3465}