{"stats":{"minecraft:picked_up":{"minecraft:crafting_table":2,"minecraft:salmon":44,"minecraft:brown_mushroom":1,"minecraft:oak_log":63,"gravestone:obituary":1,"minecraft:gunpowder":1,"minecraft:dirt":26,"minecraft:string":1,"minecraft:item_frame":1,"minecraft:bone":1,"minecraft:cobbled_deepslate":130,"minecraft:oak_boat":1,"minecraft:sugar_cane":24,"minecraft:birch_boat":7,"minecraft:torch":9,"minecraft:porkchop":8,"minecraft:ink_sac":2,"minecraft:spider_eye":1,"minecraft:arrow":3,"minecraft:rotten_flesh":5,"minecraft:oak_sapling":4,"minecraft:mutton":1,"minecraft:white_wool":1,"minecraft:cobblestone":64},"minecraft:mined":{"minecraft:brown_mushroom":1,"minecraft:torch":4,"minecraft:crafting_table":1,"gravestone:gravestone":5,"minecraft:cobblestone":37,"minecraft:sugar_cane":10,"minecraft:oak_planks":2,"minecraft:cobbled_deepslate":3,"minecraft:birch_leaves":1,"minecraft:grass":2,"minecraft:oak_log":61,"minecraft:dirt":4,"minecraft:stone":20,"minecraft:oak_leaves":7},"minecraft:used":{"minecraft:stone_sword":24,"minecraft:stone_pickaxe":4,"minecraft:oak_planks":22,"minecraft:wooden_pickaxe":59,"minecraft:birch_boat":1,"minecraft:cooked_salmon":13,"minecraft:torch":7,"minecraft:dirt":5,"minecraft:crafting_table":1,"minecraft:oak_log":9,"minecraft:item_frame":1,"minecraft:stone_axe":59,"minecraft:wooden_sword":59,"minecraft:cobblestone":48,"minecraft:furnace":1,"minecraft:oak_boat":1,"minecraft:cobbled_deepslate":75},"minecraft:dropped":{"gravestone:obituary":6,"minecraft:birch_boat":6},"minecraft:killed":{"minecraft:pig":4,"minecraft:salmon":44,"minecraft:spider":2,"minecraft:squid":1,"minecraft:sheep":1,"minecraft:skeleton":3,"minecraft:zombie":3},"minecraft:custom":{"minecraft:interact_with_furnace":32,"minecraft:mob_kills":58,"minecraft:interact_with_crafting_table":7,"minecraft:time_since_death":44220,"minecraft:climb_one_cm":10523,"minecraft:time_since_rest":44251,"minecraft:sprint_one_cm":211584,"minecraft:damage_taken":1369,"minecraft:walk_one_cm":151649,"minecraft:drop":12,"minecraft:damage_dealt":3245,"minecraft:swim_one_cm":148161,"minecraft:fly_one_cm":121488,"minecraft:crouch_one_cm":3563,"minecraft:play_time":55374,"minecraft:deaths":2,"minecraft:sneak_time":1091,"minecraft:walk_under_water_one_cm":39660,"minecraft:boat_one_cm":209,"minecraft:jump":785,"minecraft:walk_on_water_one_cm":17764,"minecraft:total_world_time":55374,"minecraft:fall_one_cm":21661},"minecraft:broken":{"minecraft:wooden_sword":1,"minecraft:wooden_pickaxe":1},"minecraft:killed_by":{"minecraft:drowned":1},"minecraft:crafted":{"minecraft:wooden_sword":1,"minecraft:oak_planks":64,"minecraft:crafting_table":1,"minecraft:wooden_pickaxe":1,"minecraft:furnace":1,"minecraft:cooked_salmon":32,"minecraft:stone_axe":1,"minecraft:air":0,"minecraft:stick":8,"minecraft:stone_pickaxe":1,"minecraft:stone_sword":1}},"DataVersion":3465}