{"stats":{"minecraft:picked_up":{"minecraft:salmon":3,"minecraft:oak_log":4,"gravestone:obituary":1,"minecraft:gunpowder":1,"minecraft:sugar_cane":18,"minecraft:dirt":14},"minecraft:used":{"minecraft:wooden_sword":3,"minecraft:crafting_table":1},"minecraft:mined":{"gravestone:gravestone":4,"minecraft:grass":1,"minecraft:oak_log":2,"minecraft:birch_leaves":1,"minecraft:sugar_cane":7},"minecraft:dropped":{"gravestone:obituary":5},"minecraft:killed":{"minecraft:salmon":3},"minecraft:custom":{"minecraft:time_since_rest":2251,"minecraft:crouch_one_cm":2619,"minecraft:play_time":13374,"minecraft:sprint_one_cm":69263,"minecraft:walk_one_cm":28435,"minecraft:damage_taken":730,"minecraft:deaths":2,"minecraft:sneak_time":822,"minecraft:walk_under_water_one_cm":9729,"minecraft:mob_kills":3,"minecraft:drop":5,"minecraft:jump":233,"minecraft:damage_dealt":90,"minecraft:time_since_death":2220,"minecraft:walk_on_water_one_cm":3233,"minecraft:total_world_time":13374,"minecraft:climb_one_cm":4297,"minecraft:swim_one_cm":59662,"minecraft:interact_with_crafting_table":3,"minecraft:fall_one_cm":10946,"minecraft:fly_one_cm":41581},"minecraft:killed_by":{"minecraft:drowned":1},"minecraft:crafted":{"minecraft:wooden_sword":1,"minecraft:oak_planks":16,"minecraft:crafting_table":1,"minecraft:stick":4}},"DataVersion":3465}