{"stats":{"minecraft:picked_up":{"minecraft:salmon":25,"minecraft:oak_log":16,"gravestone:obituary":1,"minecraft:ink_sac":2,"minecraft:gunpowder":1,"minecraft:dirt":14,"minecraft:rotten_flesh":2,"minecraft:sugar_cane":24,"minecraft:cobblestone":19},"minecraft:used":{"minecraft:wooden_pickaxe":21,"minecraft:cooked_salmon":4,"minecraft:wooden_sword":30,"minecraft:crafting_table":1,"minecraft:furnace":1},"minecraft:mined":{"minecraft:birch_leaves":1,"gravestone:gravestone":5,"minecraft:grass":2,"minecraft:oak_log":14,"minecraft:stone":20,"minecraft:sugar_cane":10},"minecraft:dropped":{"gravestone:obituary":6},"minecraft:killed":{"minecraft:salmon":25,"minecraft:squid":1},"minecraft:custom":{"minecraft:time_since_rest":14251,"minecraft:interact_with_furnace":26,"minecraft:sprint_one_cm":80851,"minecraft:damage_taken":930,"minecraft:walk_one_cm":47542,"minecraft:mob_kills":26,"minecraft:drop":6,"minecraft:damage_dealt":900,"minecraft:interact_with_crafting_table":5,"minecraft:swim_one_cm":113958,"minecraft:fly_one_cm":48951,"minecraft:crouch_one_cm":3227,"minecraft:play_time":25374,"minecraft:deaths":2,"minecraft:sneak_time":931,"minecraft:walk_under_water_one_cm":31238,"minecraft:jump":293,"minecraft:walk_on_water_one_cm":11393,"minecraft:time_since_death":14220,"minecraft:climb_one_cm":8291,"minecraft:total_world_time":25374,"minecraft:fall_one_cm":12374},"minecraft:killed_by":{"minecraft:drowned":1},"minecraft:crafted":{"minecraft:wooden_sword":1,"minecraft:oak_planks":24,"minecraft:crafting_table":1,"minecraft:stick":4,"minecraft:wooden_pickaxe":1,"minecraft:furnace":1,"minecraft:cooked_salmon":17,"minecraft:air":0}},"DataVersion":3465}