{"stats":{"minecraft:picked_up":{"minecraft:crafting_table":1,"minecraft:birch_boat":7,"minecraft:salmon":25,"minecraft:torch":6,"minecraft:oak_log":62,"gravestone:obituary":1,"minecraft:ink_sac":2,"minecraft:gunpowder":1,"minecraft:string":1,"minecraft:spider_eye":1,"minecraft:dirt":25,"minecraft:bone":1,"minecraft:arrow":3,"minecraft:rotten_flesh":5,"minecraft:oak_boat":1,"minecraft:oak_sapling":4,"minecraft:sugar_cane":24,"minecraft:mutton":1,"minecraft:white_wool":1,"minecraft:cobblestone":60},"minecraft:mined":{"minecraft:cobbled_deepslate":1,"minecraft:birch_leaves":1,"minecraft:crafting_table":1,"gravestone:gravestone":5,"minecraft:grass":2,"minecraft:oak_log":60,"minecraft:cobblestone":35,"minecraft:stone":20,"minecraft:oak_planks":2,"minecraft:sugar_cane":10,"minecraft:oak_leaves":7},"minecraft:used":{"minecraft:stone_sword":3,"minecraft:birch_boat":1,"minecraft:wooden_pickaxe":59,"minecraft:cooked_salmon":9,"minecraft:stone_axe":54,"minecraft:wooden_sword":59,"minecraft:crafting_table":1,"minecraft:furnace":1,"minecraft:oak_boat":1},"minecraft:dropped":{"minecraft:birch_boat":6,"gravestone:obituary":6},"minecraft:killed":{"minecraft:sheep":1,"minecraft:skeleton":3,"minecraft:zombie":3,"minecraft:salmon":25,"minecraft:spider":2,"minecraft:squid":1},"minecraft:custom":{"minecraft:time_since_rest":26251,"minecraft:interact_with_furnace":26,"minecraft:sprint_one_cm":140746,"minecraft:damage_taken":1194,"minecraft:walk_one_cm":94920,"minecraft:mob_kills":35,"minecraft:drop":12,"minecraft:damage_dealt":2250,"minecraft:interact_with_crafting_table":6,"minecraft:swim_one_cm":113958,"minecraft:fly_one_cm":77716,"minecraft:crouch_one_cm":3562,"minecraft:play_time":37374,"minecraft:deaths":2,"minecraft:sneak_time":1082,"minecraft:walk_under_water_one_cm":31238,"minecraft:boat_one_cm":153,"minecraft:jump":466,"minecraft:walk_on_water_one_cm":11393,"minecraft:time_since_death":26220,"minecraft:climb_one_cm":8583,"minecraft:total_world_time":37374,"minecraft:fall_one_cm":14733},"minecraft:broken":{"minecraft:wooden_sword":1,"minecraft:wooden_pickaxe":1},"minecraft:killed_by":{"minecraft:drowned":1},"minecraft:crafted":{"minecraft:wooden_sword":1,"minecraft:oak_planks":28,"minecraft:crafting_table":1,"minecraft:stick":8,"minecraft:stone_pickaxe":1,"minecraft:wooden_pickaxe":1,"minecraft:stone_sword":1,"minecraft:furnace":1,"minecraft:cooked_salmon":19,"minecraft:stone_axe":1,"minecraft:air":0}},"DataVersion":3465}