{"stats":{"minecraft:picked_up":{"minecraft:birch_log":1,"minecraft:crafting_table":5,"minecraft:feather":3,"minecraft:cooked_beef":1,"minecraft:chicken":2,"minecraft:glow_ink_sac":3,"minecraft:andesite":39,"minecraft:wooden_pickaxe":1,"minecraft:tuff":63,"minecraft:oak_log":32,"minecraft:acacia_button":4,"gravestone:obituary":2,"minecraft:amethyst_block":12,"minecraft:lapis_lazuli":123,"minecraft:dirt":26,"minecraft:string":2,"minecraft:raw_copper":50,"minecraft:bone":5,"minecraft:cobbled_deepslate":265,"minecraft:raw_gold":8,"minecraft:iron_ingot":1,"minecraft:calcite":15,"minecraft:poppy":1,"minecraft:birch_sapling":2,"minecraft:oak_planks":1,"minecraft:furnace":7,"minecraft:raw_iron":55,"minecraft:stick":1,"minecraft:smooth_basalt":22,"minecraft:torch":12,"minecraft:gravel":2,"minecraft:porkchop":3,"minecraft:amethyst_shard":10,"minecraft:diorite":32,"minecraft:redstone":98,"minecraft:arrow":6,"minecraft:rotten_flesh":16,"minecraft:diamond":3,"minecraft:granite":14,"minecraft:oak_sapling":1,"minecraft:coal":164,"minecraft:cobblestone":204},"minecraft:used":{"minecraft:diorite":7,"minecraft:stone_pickaxe":171,"minecraft:wooden_pickaxe":110,"minecraft:iron_sword":88,"minecraft:cooked_chicken":2,"minecraft:rotten_flesh":11,"minecraft:torch":200,"minecraft:dirt":1,"minecraft:crafting_table":7,"minecraft:wooden_axe":45,"minecraft:oak_log":1,"minecraft:diamond_pickaxe":622,"minecraft:iron_pickaxe":250,"minecraft:smooth_basalt":5,"minecraft:cobblestone":50,"minecraft:furnace":10,"minecraft:cooked_porkchop":3,"minecraft:cooked_beef":1,"minecraft:cobbled_deepslate":76},"minecraft:mined":{"minecraft:deepslate_redstone_ore":21,"minecraft:large_amethyst_bud":1,"minecraft:tuff":64,"minecraft:deepslate_diamond_ore":3,"minecraft:amethyst_cluster":2,"minecraft:crafting_table":5,"minecraft:torch":1,"minecraft:granite":14,"gravestone:gravestone":5,"minecraft:budding_amethyst":1,"minecraft:grass_block":1,"minecraft:calcite":15,"minecraft:poppy":1,"minecraft:acacia_button":1,"minecraft:copper_ore":14,"minecraft:cobblestone":2,"minecraft:deepslate_gold_ore":8,"minecraft:lapis_ore":6,"minecraft:diorite":50,"minecraft:wall_torch":7,"minecraft:amethyst_block":12,"minecraft:furnace":8,"minecraft:iron_ore":4,"minecraft:cobbled_deepslate":2,"minecraft:birch_leaves":2,"minecraft:andesite":42,"minecraft:deepslate_lapis_ore":15,"minecraft:grass":1,"minecraft:oak_log":30,"minecraft:coal_ore":148,"minecraft:deepslate_iron_ore":51,"minecraft:gravel":1,"minecraft:dirt":11,"minecraft:cobweb":2,"minecraft:smooth_basalt":23,"minecraft:stone":208,"minecraft:oak_leaves":12,"minecraft:deepslate":416},"minecraft:dropped":{"minecraft:gravel":2,"minecraft:iron_ingot":1,"minecraft:cobbled_deepslate":130,"minecraft:tuff":7,"minecraft:birch_sapling":2,"minecraft:cobblestone":12,"minecraft:acacia_button":4,"minecraft:poppy":1,"minecraft:dirt":20,"minecraft:torch":4,"minecraft:andesite":27,"minecraft:oak_sapling":1,"gravestone:obituary":6,"minecraft:wooden_pickaxe":3,"minecraft:calcite":4,"minecraft:birch_log":1,"minecraft:smooth_basalt":1},"minecraft:killed":{"minecraft:pig":2,"minecraft:zombie_villager":1,"minecraft:skeleton":3,"minecraft:zombie":14,"minecraft:chicken":2,"minecraft:drowned":1},"minecraft:custom":{"minecraft:interact_with_furnace":60,"minecraft:mob_kills":23,"minecraft:interact_with_crafting_table":19,"minecraft:leave_game":5,"minecraft:time_since_death":88384,"minecraft:sleep_in_bed":1,"minecraft:climb_one_cm":4753,"minecraft:time_since_rest":24338,"minecraft:sprint_one_cm":90433,"minecraft:damage_taken":1249,"minecraft:walk_one_cm":385872,"minecraft:drop":37,"minecraft:damage_dealt":4248,"minecraft:fly_one_cm":43472,"minecraft:open_chest":5,"minecraft:crouch_one_cm":11241,"minecraft:play_time":111331,"minecraft:deaths":3,"minecraft:sneak_time":4732,"minecraft:walk_under_water_one_cm":1007,"minecraft:jump":924,"minecraft:walk_on_water_one_cm":9448,"minecraft:total_world_time":111331,"minecraft:fall_one_cm":18741},"minecraft:broken":{"minecraft:stone_pickaxe":1,"minecraft:iron_pickaxe":1,"minecraft:wooden_axe":1},"minecraft:killed_by":{"cave_dweller:cave_dweller":2},"minecraft:crafted":{"minecraft:oak_planks":120,"minecraft:cooked_porkchop":3,"minecraft:crafting_table":2,"minecraft:iron_helmet":1,"minecraft:cooked_chicken":2,"minecraft:wooden_pickaxe":2,"minecraft:iron_sword":1,"minecraft:furnace":5,"minecraft:air":0,"minecraft:iron_boots":1,"minecraft:iron_chestplate":1,"minecraft:diamond_pickaxe":1,"minecraft:stick":80,"minecraft:iron_ingot":36,"minecraft:iron_pickaxe":1,"minecraft:stone_pickaxe":2,"minecraft:wooden_axe":1,"minecraft:iron_leggings":1,"minecraft:torch":264}},"DataVersion":3465}