{"stats":{"minecraft:picked_up":{"minecraft:crafting_table":5,"minecraft:chicken":3,"minecraft:wooden_pickaxe":1,"minecraft:acacia_button":4,"gravestone:obituary":2,"minecraft:amethyst_block":12,"minecraft:raw_copper":50,"minecraft:string":11,"minecraft:cobbled_deepslate":393,"minecraft:oak_boat":1,"minecraft:calcite":26,"minecraft:poppy":1,"minecraft:birch_sapling":2,"minecraft:furnace":8,"minecraft:stick":5,"minecraft:raw_iron":62,"minecraft:torch":27,"minecraft:porkchop":3,"minecraft:diorite":33,"minecraft:redstone":159,"minecraft:arrow":8,"minecraft:rotten_flesh":34,"minecraft:cobblestone":319,"minecraft:birch_log":1,"minecraft:feather":3,"minecraft:cooked_beef":1,"minecraft:glow_ink_sac":3,"minecraft:andesite":44,"minecraft:birch_planks":30,"minecraft:tuff":63,"minecraft:oak_log":32,"minecraft:gunpowder":1,"minecraft:lapis_lazuli":123,"minecraft:dirt":31,"minecraft:bone":5,"minecraft:raw_gold":14,"minecraft:iron_ingot":1,"minecraft:oak_planks":13,"minecraft:smooth_basalt":24,"minecraft:gravel":2,"minecraft:amethyst_shard":10,"minecraft:diamond":16,"minecraft:granite":28,"minecraft:oak_sapling":1,"minecraft:coal":175},"minecraft:used":{"minecraft:iron_sword":152,"minecraft:cooked_salmon":1,"minecraft:rotten_flesh":18,"minecraft:cooked_chicken":2,"minecraft:torch":289,"minecraft:dirt":1,"minecraft:wooden_axe":45,"minecraft:iron_axe":57,"minecraft:smooth_basalt":5,"minecraft:furnace":10,"minecraft:cooked_beef":1,"minecraft:cobbled_deepslate":76,"minecraft:diorite":32,"minecraft:stone_pickaxe":171,"minecraft:wooden_pickaxe":110,"minecraft:crafting_table":10,"minecraft:oak_log":1,"minecraft:diamond_pickaxe":1720,"minecraft:bread":5,"minecraft:iron_pickaxe":250,"minecraft:cobblestone":152,"minecraft:cooked_porkchop":3,"minecraft:oak_boat":1},"minecraft:mined":{"minecraft:large_amethyst_bud":1,"minecraft:tuff":101,"minecraft:deepslate_diamond_ore":14,"minecraft:obsidian":1,"gravestone:gravestone":5,"minecraft:granite":14,"minecraft:budding_amethyst":1,"minecraft:grass_block":1,"minecraft:acacia_button":1,"minecraft:furnace":8,"minecraft:cobbled_deepslate":3,"minecraft:iron_ore":11,"minecraft:andesite":53,"minecraft:deepslate_lapis_ore":16,"minecraft:deepslate_iron_ore":51,"minecraft:stone":246,"minecraft:deepslate_redstone_ore":35,"minecraft:amethyst_cluster":2,"minecraft:crafting_table":5,"minecraft:torch":3,"minecraft:calcite":15,"minecraft:poppy":1,"minecraft:copper_ore":14,"minecraft:cobblestone":128,"minecraft:lapis_ore":6,"minecraft:deepslate_gold_ore":15,"minecraft:oak_planks":22,"minecraft:diorite":51,"minecraft:wall_torch":17,"minecraft:amethyst_block":12,"minecraft:birch_planks":30,"minecraft:birch_leaves":2,"minecraft:grass":2,"minecraft:coal_ore":160,"minecraft:oak_log":30,"minecraft:gravel":5,"minecraft:dirt":11,"minecraft:cobweb":3,"minecraft:smooth_basalt":25,"minecraft:oak_leaves":12,"minecraft:deepslate":1226},"minecraft:dropped":{"minecraft:iron_ingot":1,"minecraft:glow_ink_sac":3,"minecraft:diamond":2,"minecraft:cobblestone":121,"minecraft:feather":3,"minecraft:granite":28,"minecraft:dirt":30,"minecraft:diorite":1,"minecraft:torch":4,"gravestone:obituary":6,"minecraft:string":16,"minecraft:birch_log":1,"minecraft:smooth_basalt":19,"minecraft:gravel":2,"minecraft:cobbled_deepslate":322,"minecraft:tuff":63,"minecraft:birch_sapling":2,"minecraft:rotten_flesh":6,"minecraft:acacia_button":4,"minecraft:poppy":1,"minecraft:iron_chestplate":1,"minecraft:andesite":44,"minecraft:oak_sapling":1,"minecraft:arrow":9,"minecraft:stone_pickaxe":1,"minecraft:wooden_pickaxe":3,"minecraft:calcite":26},"minecraft:killed":{"minecraft:skeleton":5,"minecraft:chicken":3,"minecraft:drowned":2,"minecraft:pig":2,"minecraft:zombie_villager":1,"minecraft:creeper":1,"minecraft:zombie":25},"minecraft:custom":{"minecraft:mob_kills":40,"minecraft:interact_with_crafting_table":25,"minecraft:leave_game":5,"minecraft:time_since_death":148384,"minecraft:climb_one_cm":8533,"minecraft:sprint_one_cm":145372,"minecraft:walk_one_cm":576975,"minecraft:drop":67,"minecraft:play_time":171331,"minecraft:sneak_time":8984,"minecraft:deaths":3,"minecraft:walk_under_water_one_cm":17411,"minecraft:boat_one_cm":244,"minecraft:jump":1265,"minecraft:walk_on_water_one_cm":22153,"minecraft:total_world_time":171331,"minecraft:interact_with_furnace":64,"minecraft:sleep_in_bed":1,"minecraft:time_since_rest":84338,"minecraft:damage_taken":1525,"minecraft:damage_dealt":7506,"minecraft:swim_one_cm":10805,"minecraft:fly_one_cm":68398,"minecraft:open_chest":12,"minecraft:crouch_one_cm":25457,"minecraft:fall_one_cm":22245},"minecraft:broken":{"minecraft:stone_pickaxe":1,"minecraft:diamond_pickaxe":1,"minecraft:iron_pickaxe":1,"minecraft:wooden_axe":1},"minecraft:killed_by":{"cave_dweller:cave_dweller":2},"minecraft:crafted":{"minecraft:oak_planks":132,"minecraft:cooked_chicken":2,"minecraft:furnace":5,"minecraft:iron_boots":1,"minecraft:iron_axe":2,"minecraft:stone_pickaxe":2,"minecraft:cooked_porkchop":3,"minecraft:crafting_table":5,"minecraft:wooden_pickaxe":2,"minecraft:iron_helmet":1,"minecraft:iron_sword":1,"minecraft:cooked_salmon":1,"minecraft:bread":5,"minecraft:air":0,"minecraft:iron_chestplate":1,"minecraft:diamond_pickaxe":2,"minecraft:stick":104,"minecraft:iron_ingot":36,"minecraft:iron_pickaxe":1,"minecraft:wooden_axe":1,"minecraft:iron_leggings":1,"minecraft:torch":328,"minecraft:diamond_chestplate":1}},"DataVersion":3465}