{"stats":{"minecraft:picked_up":{"minecraft:birch_log":1,"minecraft:crafting_table":5,"minecraft:feather":3,"minecraft:cooked_beef":1,"minecraft:chicken":3,"minecraft:glow_ink_sac":3,"minecraft:andesite":44,"minecraft:wooden_pickaxe":1,"minecraft:tuff":63,"minecraft:oak_log":32,"minecraft:acacia_button":4,"gravestone:obituary":2,"minecraft:amethyst_block":12,"minecraft:lapis_lazuli":123,"minecraft:dirt":31,"minecraft:string":11,"minecraft:raw_copper":50,"minecraft:bone":5,"minecraft:cobbled_deepslate":393,"minecraft:raw_gold":14,"minecraft:iron_ingot":1,"minecraft:calcite":26,"minecraft:poppy":1,"minecraft:birch_sapling":2,"minecraft:oak_planks":1,"minecraft:furnace":7,"minecraft:raw_iron":62,"minecraft:stick":5,"minecraft:smooth_basalt":24,"minecraft:torch":24,"minecraft:gravel":2,"minecraft:porkchop":3,"minecraft:amethyst_shard":10,"minecraft:diorite":33,"minecraft:redstone":159,"minecraft:arrow":8,"minecraft:rotten_flesh":19,"minecraft:diamond":16,"minecraft:granite":28,"minecraft:oak_sapling":1,"minecraft:coal":164,"minecraft:cobblestone":238},"minecraft:used":{"minecraft:diorite":32,"minecraft:stone_pickaxe":171,"minecraft:wooden_pickaxe":110,"minecraft:iron_sword":131,"minecraft:cooked_chicken":2,"minecraft:rotten_flesh":16,"minecraft:torch":288,"minecraft:dirt":1,"minecraft:crafting_table":9,"minecraft:wooden_axe":45,"minecraft:oak_log":1,"minecraft:diamond_pickaxe":1576,"minecraft:bread":5,"minecraft:iron_pickaxe":250,"minecraft:smooth_basalt":5,"minecraft:cobblestone":118,"minecraft:furnace":10,"minecraft:cooked_porkchop":3,"minecraft:cooked_beef":1,"minecraft:cobbled_deepslate":76},"minecraft:mined":{"minecraft:deepslate_redstone_ore":35,"minecraft:large_amethyst_bud":1,"minecraft:tuff":101,"minecraft:deepslate_diamond_ore":14,"minecraft:obsidian":1,"minecraft:amethyst_cluster":2,"minecraft:crafting_table":5,"minecraft:torch":3,"minecraft:granite":14,"gravestone:gravestone":5,"minecraft:budding_amethyst":1,"minecraft:grass_block":1,"minecraft:calcite":15,"minecraft:poppy":1,"minecraft:acacia_button":1,"minecraft:copper_ore":14,"minecraft:cobblestone":11,"minecraft:deepslate_gold_ore":15,"minecraft:lapis_ore":6,"minecraft:diorite":51,"minecraft:wall_torch":17,"minecraft:amethyst_block":12,"minecraft:furnace":8,"minecraft:iron_ore":11,"minecraft:cobbled_deepslate":2,"minecraft:birch_leaves":2,"minecraft:andesite":53,"minecraft:deepslate_lapis_ore":16,"minecraft:grass":1,"minecraft:oak_log":30,"minecraft:coal_ore":148,"minecraft:deepslate_iron_ore":51,"minecraft:gravel":5,"minecraft:dirt":11,"minecraft:cobweb":3,"minecraft:smooth_basalt":25,"minecraft:stone":233,"minecraft:oak_leaves":12,"minecraft:deepslate":1226},"minecraft:dropped":{"minecraft:gravel":2,"minecraft:iron_ingot":1,"minecraft:diamond":2,"minecraft:glow_ink_sac":3,"minecraft:rotten_flesh":3,"minecraft:cobbled_deepslate":322,"minecraft:feather":3,"minecraft:tuff":63,"minecraft:birch_sapling":2,"minecraft:cobblestone":12,"minecraft:granite":28,"minecraft:acacia_button":4,"minecraft:poppy":1,"minecraft:dirt":30,"minecraft:diorite":1,"minecraft:torch":4,"minecraft:andesite":44,"minecraft:oak_sapling":1,"gravestone:obituary":6,"minecraft:wooden_pickaxe":3,"minecraft:calcite":26,"minecraft:string":16,"minecraft:birch_log":1,"minecraft:smooth_basalt":19},"minecraft:killed":{"minecraft:pig":2,"minecraft:zombie_villager":1,"minecraft:skeleton":5,"minecraft:zombie":20,"minecraft:chicken":3,"minecraft:drowned":2},"minecraft:custom":{"minecraft:interact_with_furnace":64,"minecraft:mob_kills":34,"minecraft:interact_with_crafting_table":24,"minecraft:leave_game":5,"minecraft:time_since_death":136384,"minecraft:sleep_in_bed":1,"minecraft:climb_one_cm":8135,"minecraft:time_since_rest":72338,"minecraft:sprint_one_cm":118040,"minecraft:damage_taken":1485,"minecraft:walk_one_cm":525131,"minecraft:drop":58,"minecraft:damage_dealt":6353,"minecraft:swim_one_cm":10805,"minecraft:fly_one_cm":51888,"minecraft:open_chest":12,"minecraft:crouch_one_cm":17775,"minecraft:play_time":159331,"minecraft:deaths":3,"minecraft:sneak_time":6822,"minecraft:walk_under_water_one_cm":17411,"minecraft:jump":1173,"minecraft:walk_on_water_one_cm":22153,"minecraft:total_world_time":159331,"minecraft:fall_one_cm":21295},"minecraft:broken":{"minecraft:stone_pickaxe":1,"minecraft:diamond_pickaxe":1,"minecraft:iron_pickaxe":1,"minecraft:wooden_axe":1},"minecraft:killed_by":{"cave_dweller:cave_dweller":2},"minecraft:crafted":{"minecraft:oak_planks":132,"minecraft:cooked_porkchop":3,"minecraft:crafting_table":5,"minecraft:iron_helmet":1,"minecraft:cooked_chicken":2,"minecraft:wooden_pickaxe":2,"minecraft:iron_sword":1,"minecraft:furnace":5,"minecraft:cooked_salmon":1,"minecraft:bread":5,"minecraft:air":0,"minecraft:iron_boots":1,"minecraft:iron_chestplate":1,"minecraft:diamond_pickaxe":2,"minecraft:iron_axe":2,"minecraft:stick":104,"minecraft:iron_ingot":36,"minecraft:iron_pickaxe":1,"minecraft:stone_pickaxe":2,"minecraft:wooden_axe":1,"minecraft:iron_leggings":1,"minecraft:torch":328}},"DataVersion":3465}