{"stats":{"minecraft:crafted":{"minecraft:oak_planks":116,"minecraft:cooked_porkchop":1,"minecraft:crafting_table":2,"minecraft:iron_helmet":1,"minecraft:wooden_pickaxe":2,"minecraft:iron_sword":1,"minecraft:furnace":5,"minecraft:air":0,"minecraft:diamond_pickaxe":1,"minecraft:iron_boots":1,"minecraft:iron_chestplate":1,"minecraft:stick":44,"minecraft:iron_ingot":36,"minecraft:iron_pickaxe":1,"minecraft:stone_pickaxe":2,"minecraft:wooden_axe":1,"minecraft:iron_leggings":1,"minecraft:torch":112},"minecraft:killed":{"minecraft:pig":1,"minecraft:skeleton":3,"minecraft:zombie":3},"minecraft:used":{"minecraft:stone_pickaxe":171,"minecraft:wooden_pickaxe":110,"minecraft:iron_sword":23,"minecraft:rotten_flesh":3,"minecraft:torch":104,"minecraft:crafting_table":7,"minecraft:oak_log":1,"minecraft:wooden_axe":45,"minecraft:diamond_pickaxe":4,"minecraft:iron_pickaxe":250,"minecraft:smooth_basalt":5,"minecraft:cobblestone":50,"minecraft:furnace":8,"minecraft:cooked_porkchop":1,"minecraft:cooked_beef":1,"minecraft:cobbled_deepslate":76},"minecraft:dropped":{"minecraft:gravel":2,"minecraft:cobbled_deepslate":4,"minecraft:birch_sapling":2,"minecraft:acacia_button":3,"minecraft:torch":4,"gravestone:obituary":3,"minecraft:wooden_pickaxe":1,"minecraft:calcite":4},"minecraft:picked_up":{"minecraft:birch_log":1,"minecraft:crafting_table":5,"minecraft:cooked_beef":1,"minecraft:andesite":27,"minecraft:tuff":7,"minecraft:oak_log":31,"minecraft:acacia_button":3,"gravestone:obituary":2,"minecraft:lapis_lazuli":46,"minecraft:string":2,"minecraft:dirt":20,"minecraft:bone":5,"minecraft:cobbled_deepslate":206,"minecraft:raw_gold":4,"minecraft:iron_ingot":1,"minecraft:calcite":4,"minecraft:birch_sapling":2,"minecraft:furnace":7,"minecraft:stick":1,"minecraft:raw_iron":36,"minecraft:smooth_basalt":6,"minecraft:torch":9,"minecraft:gravel":2,"minecraft:porkchop":1,"minecraft:amethyst_shard":10,"minecraft:redstone":60,"minecraft:arrow":6,"minecraft:rotten_flesh":3,"minecraft:diamond":3,"minecraft:oak_sapling":1,"minecraft:coal":77,"minecraft:cobblestone":107},"minecraft:broken":{"minecraft:stone_pickaxe":1,"minecraft:iron_pickaxe":1,"minecraft:wooden_axe":1},"minecraft:mined":{"minecraft:deepslate_redstone_ore":13,"minecraft:large_amethyst_bud":1,"minecraft:tuff":8,"minecraft:deepslate_diamond_ore":3,"minecraft:amethyst_cluster":2,"minecraft:crafting_table":5,"gravestone:gravestone":4,"minecraft:budding_amethyst":1,"minecraft:grass_block":1,"minecraft:calcite":4,"minecraft:acacia_button":1,"minecraft:cobblestone":2,"minecraft:lapis_ore":6,"minecraft:deepslate_gold_ore":4,"minecraft:diorite":18,"minecraft:wall_torch":5,"minecraft:furnace":8,"minecraft:cobbled_deepslate":2,"minecraft:iron_ore":4,"minecraft:andesite":27,"minecraft:deepslate_lapis_ore":2,"minecraft:oak_log":30,"minecraft:coal_ore":57,"minecraft:deepslate_iron_ore":32,"minecraft:gravel":1,"minecraft:dirt":5,"minecraft:cobweb":2,"minecraft:smooth_basalt":7,"minecraft:stone":105,"minecraft:oak_leaves":9,"minecraft:deepslate":218},"minecraft:killed_by":{"cave_dweller:cave_dweller":2},"minecraft:custom":{"minecraft:interact_with_furnace":44,"minecraft:mob_kills":7,"minecraft:interact_with_crafting_table":18,"minecraft:time_since_death":35665,"minecraft:time_since_rest":35920,"minecraft:sprint_one_cm":50857,"minecraft:damage_taken":979,"minecraft:walk_one_cm":203269,"minecraft:drop":17,"minecraft:damage_dealt":1343,"minecraft:fly_one_cm":24895,"minecraft:open_chest":2,"minecraft:crouch_one_cm":7371,"minecraft:play_time":58612,"minecraft:deaths":3,"minecraft:sneak_time":3018,"minecraft:jump":517,"minecraft:total_world_time":58612,"minecraft:fall_one_cm":12614}},"DataVersion":3465}