{"stats":{"minecraft:picked_up":{"minecraft:birch_log":1,"minecraft:crafting_table":5,"minecraft:feather":3,"minecraft:cooked_beef":1,"minecraft:chicken":2,"minecraft:andesite":36,"minecraft:wooden_pickaxe":1,"minecraft:tuff":7,"minecraft:oak_log":32,"minecraft:acacia_button":4,"gravestone:obituary":2,"minecraft:lapis_lazuli":46,"minecraft:dirt":21,"minecraft:string":2,"minecraft:raw_copper":45,"minecraft:bone":5,"minecraft:cobbled_deepslate":206,"minecraft:raw_gold":4,"minecraft:iron_ingot":1,"minecraft:calcite":4,"minecraft:poppy":1,"minecraft:birch_sapling":2,"minecraft:oak_planks":1,"minecraft:furnace":7,"minecraft:raw_iron":36,"minecraft:stick":1,"minecraft:smooth_basalt":6,"minecraft:torch":9,"minecraft:gravel":2,"minecraft:porkchop":3,"minecraft:amethyst_shard":10,"minecraft:diorite":10,"minecraft:redstone":60,"minecraft:arrow":6,"minecraft:rotten_flesh":3,"minecraft:diamond":3,"minecraft:granite":7,"minecraft:oak_sapling":1,"minecraft:coal":114,"minecraft:cobblestone":141},"minecraft:used":{"minecraft:diorite":7,"minecraft:stone_pickaxe":171,"minecraft:wooden_pickaxe":110,"minecraft:iron_sword":30,"minecraft:cooked_chicken":2,"minecraft:rotten_flesh":3,"minecraft:torch":122,"minecraft:dirt":1,"minecraft:crafting_table":7,"minecraft:wooden_axe":45,"minecraft:oak_log":1,"minecraft:diamond_pickaxe":123,"minecraft:iron_pickaxe":250,"minecraft:smooth_basalt":5,"minecraft:cobblestone":50,"minecraft:furnace":10,"minecraft:cooked_porkchop":3,"minecraft:cooked_beef":1,"minecraft:cobbled_deepslate":76},"minecraft:mined":{"minecraft:deepslate_redstone_ore":13,"minecraft:large_amethyst_bud":1,"minecraft:tuff":8,"minecraft:deepslate_diamond_ore":3,"minecraft:amethyst_cluster":2,"minecraft:torch":1,"minecraft:crafting_table":5,"minecraft:granite":7,"gravestone:gravestone":5,"minecraft:budding_amethyst":1,"minecraft:grass_block":1,"minecraft:calcite":4,"minecraft:poppy":1,"minecraft:acacia_button":1,"minecraft:copper_ore":12,"minecraft:cobblestone":2,"minecraft:deepslate_gold_ore":4,"minecraft:lapis_ore":6,"minecraft:diorite":28,"minecraft:wall_torch":5,"minecraft:furnace":8,"minecraft:iron_ore":4,"minecraft:cobbled_deepslate":2,"minecraft:birch_leaves":2,"minecraft:andesite":39,"minecraft:deepslate_lapis_ore":2,"minecraft:oak_log":30,"minecraft:coal_ore":94,"minecraft:deepslate_iron_ore":32,"minecraft:gravel":1,"minecraft:dirt":6,"minecraft:cobweb":2,"minecraft:smooth_basalt":7,"minecraft:stone":141,"minecraft:oak_leaves":12,"minecraft:deepslate":218},"minecraft:dropped":{"minecraft:gravel":2,"minecraft:iron_ingot":1,"minecraft:cobbled_deepslate":130,"minecraft:tuff":7,"minecraft:birch_sapling":2,"minecraft:cobblestone":12,"minecraft:acacia_button":4,"minecraft:poppy":1,"minecraft:dirt":20,"minecraft:torch":4,"minecraft:andesite":27,"minecraft:oak_sapling":1,"gravestone:obituary":6,"minecraft:wooden_pickaxe":3,"minecraft:calcite":4,"minecraft:birch_log":1,"minecraft:smooth_basalt":1},"minecraft:killed":{"minecraft:pig":2,"minecraft:skeleton":3,"minecraft:zombie":3,"minecraft:chicken":2},"minecraft:custom":{"minecraft:interact_with_furnace":60,"minecraft:mob_kills":10,"minecraft:interact_with_crafting_table":19,"minecraft:leave_game":2,"minecraft:time_since_death":65115,"minecraft:sleep_in_bed":1,"minecraft:climb_one_cm":4205,"minecraft:time_since_rest":1069,"minecraft:sprint_one_cm":75549,"minecraft:damage_taken":1029,"minecraft:walk_one_cm":281752,"minecraft:drop":37,"minecraft:damage_dealt":1566,"minecraft:fly_one_cm":38445,"minecraft:open_chest":5,"minecraft:crouch_one_cm":10920,"minecraft:play_time":88062,"minecraft:deaths":3,"minecraft:sneak_time":4473,"minecraft:jump":735,"minecraft:total_world_time":88062,"minecraft:fall_one_cm":17118},"minecraft:broken":{"minecraft:stone_pickaxe":1,"minecraft:iron_pickaxe":1,"minecraft:wooden_axe":1},"minecraft:killed_by":{"cave_dweller:cave_dweller":2},"minecraft:crafted":{"minecraft:oak_planks":120,"minecraft:cooked_porkchop":3,"minecraft:crafting_table":2,"minecraft:iron_helmet":1,"minecraft:cooked_chicken":2,"minecraft:wooden_pickaxe":2,"minecraft:iron_sword":1,"minecraft:furnace":5,"minecraft:air":0,"minecraft:iron_boots":1,"minecraft:iron_chestplate":1,"minecraft:diamond_pickaxe":1,"minecraft:stick":56,"minecraft:iron_ingot":36,"minecraft:iron_pickaxe":1,"minecraft:stone_pickaxe":2,"minecraft:wooden_axe":1,"minecraft:iron_leggings":1,"minecraft:torch":168}},"DataVersion":3465}