{"stats":{"minecraft:picked_up":{"minecraft:birch_log":1,"minecraft:crafting_table":2,"minecraft:feather":2,"minecraft:chicken":3,"minecraft:andesite":27,"minecraft:wooden_pickaxe":2,"minecraft:tuff":7,"minecraft:oak_log":136,"gravestone:obituary":3,"minecraft:gunpowder":2,"minecraft:dirt":26,"minecraft:cooked_mutton":2,"minecraft:bone":4,"minecraft:bow":3,"minecraft:wheat_seeds":2,"minecraft:cobbled_deepslate":154,"minecraft:beef":3,"minecraft:iron_ingot":7,"minecraft:oak_planks":43,"minecraft:furnace":2,"minecraft:raw_iron":25,"minecraft:stick":7,"minecraft:smooth_basalt":1,"minecraft:torch":2,"minecraft:porkchop":16,"minecraft:diorite":1,"minecraft:white_bed":2,"minecraft:arrow":9,"minecraft:oak_sapling":11,"minecraft:coal":30,"minecraft:mutton":13,"minecraft:white_wool":8,"minecraft:cobblestone":36},"minecraft:mined":{"minecraft:white_bed":2,"minecraft:powder_snow":13,"minecraft:crafting_table":3,"gravestone:gravestone":1,"minecraft:grass_block":3,"minecraft:cobblestone":2,"minecraft:oak_planks":43,"minecraft:diorite":1,"minecraft:wall_torch":1,"minecraft:furnace":2,"minecraft:iron_ore":26,"minecraft:cobbled_deepslate":28,"minecraft:grass":10,"minecraft:oak_log":150,"minecraft:coal_ore":30,"minecraft:dirt":2,"minecraft:stone":12,"minecraft:oak_leaves":58},"minecraft:used":{"minecraft:oak_trapdoor":1,"minecraft:cooked_mutton":10,"minecraft:stone_sword":15,"minecraft:oak_planks":197,"minecraft:ladder":4,"minecraft:shield":4,"minecraft:chest":1,"minecraft:wooden_pickaxe":4,"minecraft:iron_sword":114,"minecraft:torch":2,"minecraft:dirt":5,"minecraft:crafting_table":3,"minecraft:white_bed":3,"minecraft:oak_log":88,"minecraft:wooden_axe":93,"minecraft:iron_pickaxe":100,"minecraft:iron_helmet":1,"minecraft:stone_axe":39,"minecraft:cobblestone":13,"minecraft:bow":9,"minecraft:furnace":2,"minecraft:cooked_porkchop":10,"minecraft:cobbled_deepslate":134,"minecraft:iron_leggings":1},"minecraft:dropped":{"minecraft:cooked_mutton":2,"minecraft:bow":2},"minecraft:killed":{"minecraft:pig":7,"minecraft:spider":1,"minecraft:creeper":2,"minecraft:sheep":8,"minecraft:skeleton":7,"minecraft:zombie":2,"minecraft:chicken":3,"minecraft:cow":1},"minecraft:custom":{"minecraft:interact_with_furnace":40,"minecraft:mob_kills":32,"minecraft:interact_with_crafting_table":19,"minecraft:leave_game":3,"minecraft:time_since_death":18397,"minecraft:sleep_in_bed":3,"minecraft:climb_one_cm":7203,"minecraft:time_since_rest":18424,"minecraft:sprint_one_cm":220819,"minecraft:damage_taken":2594,"minecraft:walk_one_cm":488548,"minecraft:damage_blocked_by_shield":115,"minecraft:drop":4,"minecraft:damage_dealt":4795,"minecraft:swim_one_cm":2976,"minecraft:fly_one_cm":181626,"minecraft:open_chest":22,"minecraft:crouch_one_cm":2315,"minecraft:play_time":143469,"minecraft:deaths":6,"minecraft:sneak_time":993,"minecraft:walk_under_water_one_cm":9531,"minecraft:jump":2342,"minecraft:walk_on_water_one_cm":22858,"minecraft:total_world_time":143469,"minecraft:fall_one_cm":44478},"minecraft:broken":{"minecraft:wooden_axe":1,"minecraft:wooden_pickaxe":1},"minecraft:killed_by":{"minecraft:skeleton":2,"minecraft:spider":1,"minecraft:zombie":1},"minecraft:crafted":{"minecraft:oak_planks":180,"minecraft:cooked_porkchop":12,"minecraft:crafting_table":1,"minecraft:iron_helmet":1,"minecraft:cooked_chicken":5,"minecraft:iron_sword":1,"minecraft:stone_axe":1,"minecraft:cooked_mutton":11,"minecraft:oak_trapdoor":2,"minecraft:iron_boots":1,"minecraft:iron_chestplate":1,"minecraft:shield":1,"minecraft:ladder":6,"minecraft:stick":28,"minecraft:iron_ingot":25,"minecraft:iron_pickaxe":1,"minecraft:stone_pickaxe":1,"minecraft:wooden_axe":2,"minecraft:stone_sword":1,"minecraft:chest":1,"minecraft:iron_leggings":1,"minecraft:white_bed":1}},"DataVersion":3465}