{"stats":{"minecraft:picked_up":{"minecraft:birch_log":1,"minecraft:crafting_table":3,"minecraft:feather":2,"minecraft:cooked_beef":1,"minecraft:chicken":3,"minecraft:salmon":5,"minecraft:andesite":27,"minecraft:wooden_pickaxe":2,"minecraft:birch_planks":11,"minecraft:tuff":7,"minecraft:oak_log":182,"gravestone:obituary":3,"minecraft:gunpowder":3,"minecraft:dirt":29,"minecraft:cooked_mutton":2,"minecraft:bone":8,"minecraft:bow":3,"minecraft:wheat_seeds":2,"minecraft:cobbled_deepslate":164,"minecraft:beef":5,"minecraft:iron_ingot":8,"minecraft:oak_boat":3,"minecraft:oak_planks":66,"minecraft:cooked_porkchop":1,"minecraft:furnace":4,"minecraft:raw_iron":25,"minecraft:stick":7,"minecraft:smooth_basalt":1,"minecraft:birch_boat":10,"minecraft:torch":5,"minecraft:sand":28,"minecraft:porkchop":16,"minecraft:diorite":1,"minecraft:white_bed":2,"minecraft:rotten_flesh":2,"minecraft:arrow":12,"minecraft:oak_sapling":16,"minecraft:coal":32,"minecraft:mutton":15,"minecraft:white_wool":10,"minecraft:cobblestone":190},"minecraft:mined":{"minecraft:white_bed":2,"minecraft:powder_snow":13,"minecraft:crafting_table":4,"minecraft:torch":3,"gravestone:gravestone":2,"minecraft:grass_block":6,"minecraft:glass":4,"minecraft:cobblestone":46,"minecraft:oak_planks":62,"minecraft:diorite":1,"minecraft:wall_torch":1,"minecraft:birch_planks":6,"minecraft:furnace":5,"minecraft:iron_ore":26,"minecraft:cobbled_deepslate":36,"minecraft:grass":11,"minecraft:oak_log":195,"minecraft:coal_ore":32,"minecraft:sand":28,"minecraft:dirt":3,"minecraft:stone":102,"minecraft:oak_leaves":62},"minecraft:used":{"minecraft:oak_trapdoor":1,"minecraft:cooked_mutton":13,"minecraft:stone_sword":15,"minecraft:birch_planks":5,"minecraft:stone_pickaxe":91,"minecraft:oak_planks":370,"minecraft:ladder":4,"minecraft:birch_boat":7,"minecraft:shield":10,"minecraft:chest":1,"minecraft:wooden_pickaxe":4,"minecraft:iron_sword":152,"minecraft:salmon":5,"minecraft:torch":5,"minecraft:golden_apple":2,"minecraft:dirt":5,"minecraft:crafting_table":6,"minecraft:white_bed":3,"minecraft:golden_shovel":1,"minecraft:birch_door":3,"minecraft:glass":28,"minecraft:oak_log":88,"minecraft:wooden_axe":93,"minecraft:iron_pickaxe":156,"minecraft:iron_helmet":1,"minecraft:stone_axe":111,"minecraft:cobblestone":120,"minecraft:bow":9,"minecraft:furnace":5,"minecraft:cooked_porkchop":12,"minecraft:oak_boat":4,"minecraft:cooked_beef":3,"minecraft:cobbled_deepslate":160,"minecraft:iron_leggings":1},"minecraft:dropped":{"minecraft:golden_chestplate":1,"minecraft:crafting_table":1,"minecraft:cobblestone":11,"minecraft:oak_planks":4,"minecraft:cooked_mutton":2,"minecraft:golden_shovel":1,"minecraft:oak_boat":3,"minecraft:birch_boat":2,"minecraft:bow":2},"minecraft:killed":{"minecraft:pig":7,"minecraft:salmon":3,"minecraft:spider":1,"minecraft:creeper":2,"minecraft:sheep":10,"minecraft:skeleton":7,"minecraft:zombie":3,"minecraft:chicken":3,"minecraft:cow":1},"minecraft:custom":{"minecraft:interact_with_furnace":66,"minecraft:mob_kills":38,"minecraft:interact_with_crafting_table":28,"minecraft:leave_game":3,"minecraft:time_since_death":47885,"minecraft:sleep_in_bed":4,"minecraft:climb_one_cm":13253,"minecraft:time_since_rest":47959,"minecraft:sprint_one_cm":370410,"minecraft:damage_absorbed":20,"minecraft:damage_taken":3494,"minecraft:walk_one_cm":949004,"minecraft:damage_blocked_by_shield":310,"minecraft:drop":27,"minecraft:damage_dealt":5807,"minecraft:swim_one_cm":6670,"minecraft:fly_one_cm":333185,"minecraft:open_chest":23,"minecraft:crouch_one_cm":5903,"minecraft:play_time":233469,"minecraft:deaths":7,"minecraft:sneak_time":2863,"minecraft:walk_under_water_one_cm":18336,"minecraft:boat_one_cm":113817,"minecraft:jump":3653,"minecraft:walk_on_water_one_cm":36176,"minecraft:total_world_time":233469,"minecraft:fall_one_cm":71936},"minecraft:broken":{"minecraft:wooden_axe":1,"minecraft:wooden_pickaxe":1},"minecraft:killed_by":{"minecraft:player":1,"minecraft:skeleton":2,"minecraft:spider":1,"minecraft:zombie":1},"minecraft:crafted":{"minecraft:cooked_beef":2,"minecraft:oak_planks":364,"minecraft:cooked_porkchop":12,"minecraft:crafting_table":4,"minecraft:iron_helmet":1,"minecraft:cooked_chicken":5,"minecraft:iron_sword":1,"minecraft:furnace":1,"minecraft:bone_meal":24,"minecraft:stone_axe":1,"minecraft:cooked_mutton":13,"minecraft:oak_trapdoor":2,"minecraft:glass":28,"minecraft:oak_boat":5,"minecraft:iron_boots":1,"minecraft:iron_chestplate":1,"minecraft:shield":1,"minecraft:ladder":6,"minecraft:stick":28,"minecraft:iron_ingot":25,"minecraft:iron_pickaxe":1,"minecraft:stone_pickaxe":1,"minecraft:wooden_axe":2,"minecraft:stone_sword":1,"minecraft:chest":1,"minecraft:iron_leggings":1,"minecraft:white_bed":1,"minecraft:birch_door":3}},"DataVersion":3465}