{"stats":{"minecraft:picked_up":{"minecraft:birch_log":1,"minecraft:crafting_table":2,"minecraft:feather":2,"minecraft:chicken":3,"minecraft:andesite":27,"minecraft:wooden_pickaxe":2,"minecraft:tuff":7,"minecraft:oak_log":136,"gravestone:obituary":3,"minecraft:dirt":25,"minecraft:cooked_mutton":2,"minecraft:bone":3,"minecraft:bow":3,"minecraft:cobbled_deepslate":126,"minecraft:beef":3,"minecraft:iron_ingot":7,"minecraft:oak_planks":21,"minecraft:furnace":2,"minecraft:raw_iron":25,"minecraft:stick":7,"minecraft:smooth_basalt":1,"minecraft:torch":1,"minecraft:porkchop":16,"minecraft:diorite":1,"minecraft:white_bed":2,"minecraft:arrow":6,"minecraft:oak_sapling":11,"minecraft:coal":30,"minecraft:mutton":13,"minecraft:white_wool":8,"minecraft:cobblestone":35},"minecraft:mined":{"minecraft:white_bed":2,"minecraft:crafting_table":3,"minecraft:grass_block":3,"minecraft:cobblestone":1,"minecraft:oak_planks":21,"minecraft:diorite":1,"minecraft:furnace":2,"minecraft:iron_ore":26,"minecraft:grass":8,"minecraft:oak_log":150,"minecraft:coal_ore":30,"minecraft:dirt":1,"minecraft:stone":12,"minecraft:oak_leaves":50},"minecraft:used":{"minecraft:oak_trapdoor":1,"minecraft:cooked_mutton":9,"minecraft:stone_sword":8,"minecraft:oak_planks":124,"minecraft:ladder":4,"minecraft:chest":1,"minecraft:wooden_pickaxe":4,"minecraft:iron_sword":81,"minecraft:dirt":5,"minecraft:crafting_table":3,"minecraft:white_bed":3,"minecraft:oak_log":88,"minecraft:wooden_axe":93,"minecraft:iron_pickaxe":69,"minecraft:iron_helmet":1,"minecraft:stone_axe":17,"minecraft:cobblestone":13,"minecraft:furnace":2,"minecraft:cooked_porkchop":3,"minecraft:iron_leggings":1},"minecraft:dropped":{"minecraft:cooked_mutton":2,"minecraft:bow":1},"minecraft:killed":{"minecraft:pig":7,"minecraft:spider":1,"minecraft:sheep":8,"minecraft:skeleton":6,"minecraft:zombie":1,"minecraft:chicken":3,"minecraft:cow":1},"minecraft:custom":{"minecraft:interact_with_furnace":37,"minecraft:mob_kills":28,"minecraft:interact_with_crafting_table":19,"minecraft:leave_game":3,"minecraft:time_since_death":67319,"minecraft:sleep_in_bed":1,"minecraft:climb_one_cm":3853,"minecraft:time_since_rest":1484,"minecraft:sprint_one_cm":91957,"minecraft:damage_taken":1808,"minecraft:walk_one_cm":288110,"minecraft:drop":3,"minecraft:damage_dealt":3511,"minecraft:fly_one_cm":70686,"minecraft:open_chest":13,"minecraft:crouch_one_cm":12,"minecraft:play_time":95469,"minecraft:deaths":5,"minecraft:sneak_time":53,"minecraft:walk_under_water_one_cm":7572,"minecraft:jump":1295,"minecraft:walk_on_water_one_cm":22030,"minecraft:total_world_time":95469,"minecraft:fall_one_cm":21916},"minecraft:broken":{"minecraft:wooden_axe":1,"minecraft:wooden_pickaxe":1},"minecraft:killed_by":{"minecraft:skeleton":2,"minecraft:spider":1,"minecraft:zombie":1},"minecraft:crafted":{"minecraft:oak_planks":180,"minecraft:cooked_porkchop":3,"minecraft:crafting_table":1,"minecraft:iron_helmet":1,"minecraft:cooked_chicken":5,"minecraft:iron_sword":1,"minecraft:stone_axe":1,"minecraft:cooked_mutton":11,"minecraft:oak_trapdoor":2,"minecraft:iron_boots":1,"minecraft:iron_chestplate":1,"minecraft:shield":1,"minecraft:ladder":6,"minecraft:stick":28,"minecraft:iron_ingot":25,"minecraft:iron_pickaxe":1,"minecraft:stone_pickaxe":1,"minecraft:wooden_axe":2,"minecraft:stone_sword":1,"minecraft:chest":1,"minecraft:iron_leggings":1,"minecraft:white_bed":1}},"DataVersion":3465}