{"stats":{"minecraft:picked_up":{"minecraft:birch_log":1,"minecraft:crafting_table":2,"minecraft:feather":2,"minecraft:chicken":3,"minecraft:salmon":5,"minecraft:andesite":27,"minecraft:wooden_pickaxe":2,"minecraft:tuff":7,"minecraft:oak_log":181,"gravestone:obituary":3,"minecraft:gunpowder":2,"minecraft:dirt":28,"minecraft:cooked_mutton":2,"minecraft:bone":6,"minecraft:bow":3,"minecraft:wheat_seeds":2,"minecraft:cobbled_deepslate":155,"minecraft:beef":3,"minecraft:iron_ingot":7,"minecraft:oak_boat":1,"minecraft:oak_planks":55,"minecraft:furnace":2,"minecraft:raw_iron":25,"minecraft:stick":7,"minecraft:smooth_basalt":1,"minecraft:birch_boat":6,"minecraft:torch":3,"minecraft:porkchop":16,"minecraft:diorite":1,"minecraft:white_bed":2,"minecraft:arrow":11,"minecraft:oak_sapling":13,"minecraft:coal":32,"minecraft:mutton":13,"minecraft:white_wool":8,"minecraft:cobblestone":65},"minecraft:mined":{"minecraft:white_bed":2,"minecraft:powder_snow":13,"minecraft:crafting_table":3,"minecraft:torch":1,"gravestone:gravestone":1,"minecraft:grass_block":5,"minecraft:cobblestone":2,"minecraft:oak_planks":52,"minecraft:diorite":1,"minecraft:wall_torch":1,"minecraft:furnace":3,"minecraft:iron_ore":26,"minecraft:cobbled_deepslate":29,"minecraft:grass":11,"minecraft:oak_log":195,"minecraft:coal_ore":32,"minecraft:dirt":2,"minecraft:stone":16,"minecraft:oak_leaves":60},"minecraft:used":{"minecraft:oak_trapdoor":1,"minecraft:cooked_mutton":11,"minecraft:stone_sword":15,"minecraft:stone_pickaxe":1,"minecraft:oak_planks":351,"minecraft:ladder":4,"minecraft:shield":7,"minecraft:chest":1,"minecraft:wooden_pickaxe":4,"minecraft:iron_sword":126,"minecraft:salmon":5,"minecraft:torch":3,"minecraft:golden_apple":2,"minecraft:dirt":5,"minecraft:crafting_table":5,"minecraft:white_bed":3,"minecraft:oak_log":88,"minecraft:wooden_axe":93,"minecraft:iron_pickaxe":107,"minecraft:iron_helmet":1,"minecraft:stone_axe":94,"minecraft:cobblestone":13,"minecraft:bow":9,"minecraft:furnace":2,"minecraft:cooked_porkchop":12,"minecraft:oak_boat":3,"minecraft:cobbled_deepslate":153,"minecraft:iron_leggings":1},"minecraft:dropped":{"minecraft:cooked_mutton":2,"minecraft:oak_boat":3,"minecraft:bow":2},"minecraft:killed":{"minecraft:pig":7,"minecraft:spider":1,"minecraft:creeper":2,"minecraft:sheep":8,"minecraft:skeleton":7,"minecraft:zombie":2,"minecraft:chicken":3,"minecraft:cow":1},"minecraft:custom":{"minecraft:interact_with_furnace":40,"minecraft:mob_kills":32,"minecraft:interact_with_crafting_table":23,"minecraft:leave_game":3,"minecraft:time_since_death":54397,"minecraft:sleep_in_bed":4,"minecraft:climb_one_cm":13149,"minecraft:time_since_rest":34375,"minecraft:sprint_one_cm":297374,"minecraft:damage_absorbed":20,"minecraft:damage_taken":3036,"minecraft:walk_one_cm":665400,"minecraft:damage_blocked_by_shield":235,"minecraft:drop":7,"minecraft:damage_dealt":5031,"minecraft:swim_one_cm":2976,"minecraft:fly_one_cm":260475,"minecraft:open_chest":23,"minecraft:crouch_one_cm":5882,"minecraft:play_time":179469,"minecraft:deaths":6,"minecraft:sneak_time":2847,"minecraft:walk_under_water_one_cm":11761,"minecraft:boat_one_cm":22325,"minecraft:jump":2967,"minecraft:walk_on_water_one_cm":30679,"minecraft:total_world_time":179469,"minecraft:fall_one_cm":63042},"minecraft:broken":{"minecraft:wooden_axe":1,"minecraft:wooden_pickaxe":1},"minecraft:killed_by":{"minecraft:skeleton":2,"minecraft:spider":1,"minecraft:zombie":1},"minecraft:crafted":{"minecraft:oak_planks":360,"minecraft:cooked_porkchop":12,"minecraft:crafting_table":3,"minecraft:iron_helmet":1,"minecraft:cooked_chicken":5,"minecraft:iron_sword":1,"minecraft:stone_axe":1,"minecraft:cooked_mutton":11,"minecraft:oak_trapdoor":2,"minecraft:oak_boat":5,"minecraft:iron_boots":1,"minecraft:iron_chestplate":1,"minecraft:shield":1,"minecraft:ladder":6,"minecraft:stick":28,"minecraft:iron_ingot":25,"minecraft:iron_pickaxe":1,"minecraft:stone_pickaxe":1,"minecraft:wooden_axe":2,"minecraft:stone_sword":1,"minecraft:chest":1,"minecraft:iron_leggings":1,"minecraft:white_bed":1}},"DataVersion":3465}