{"stats":{"minecraft:picked_up":{"minecraft:birch_log":1,"minecraft:crafting_table":3,"minecraft:feather":2,"minecraft:chicken":3,"minecraft:salmon":5,"minecraft:andesite":27,"minecraft:wooden_pickaxe":2,"minecraft:birch_planks":6,"minecraft:tuff":7,"minecraft:oak_log":182,"gravestone:obituary":3,"minecraft:gunpowder":2,"minecraft:dirt":29,"minecraft:cooked_mutton":2,"minecraft:bone":8,"minecraft:bow":3,"minecraft:wheat_seeds":2,"minecraft:cobbled_deepslate":163,"minecraft:beef":5,"minecraft:iron_ingot":8,"minecraft:oak_boat":2,"minecraft:oak_planks":64,"minecraft:furnace":4,"minecraft:raw_iron":25,"minecraft:stick":7,"minecraft:smooth_basalt":1,"minecraft:birch_boat":9,"minecraft:torch":5,"minecraft:sand":20,"minecraft:porkchop":16,"minecraft:diorite":1,"minecraft:white_bed":2,"minecraft:arrow":12,"minecraft:oak_sapling":16,"minecraft:coal":32,"minecraft:mutton":15,"minecraft:white_wool":10,"minecraft:cobblestone":184},"minecraft:mined":{"minecraft:white_bed":2,"minecraft:powder_snow":13,"minecraft:crafting_table":4,"minecraft:torch":3,"gravestone:gravestone":2,"minecraft:grass_block":6,"minecraft:cobblestone":38,"minecraft:oak_planks":60,"minecraft:diorite":1,"minecraft:wall_torch":1,"minecraft:birch_planks":6,"minecraft:furnace":5,"minecraft:iron_ore":26,"minecraft:cobbled_deepslate":35,"minecraft:grass":11,"minecraft:oak_log":195,"minecraft:coal_ore":32,"minecraft:sand":20,"minecraft:dirt":3,"minecraft:stone":102,"minecraft:oak_leaves":62},"minecraft:used":{"minecraft:oak_trapdoor":1,"minecraft:cooked_mutton":13,"minecraft:stone_sword":15,"minecraft:stone_pickaxe":89,"minecraft:oak_planks":368,"minecraft:ladder":4,"minecraft:birch_boat":4,"minecraft:shield":10,"minecraft:chest":1,"minecraft:wooden_pickaxe":4,"minecraft:iron_sword":144,"minecraft:salmon":5,"minecraft:torch":5,"minecraft:golden_apple":2,"minecraft:dirt":5,"minecraft:crafting_table":6,"minecraft:white_bed":3,"minecraft:golden_shovel":1,"minecraft:birch_door":3,"minecraft:glass":20,"minecraft:oak_log":88,"minecraft:wooden_axe":93,"minecraft:iron_pickaxe":149,"minecraft:iron_helmet":1,"minecraft:stone_axe":109,"minecraft:cobblestone":68,"minecraft:bow":9,"minecraft:furnace":5,"minecraft:cooked_porkchop":12,"minecraft:oak_boat":4,"minecraft:cooked_beef":2,"minecraft:cobbled_deepslate":158,"minecraft:iron_leggings":1},"minecraft:dropped":{"minecraft:golden_chestplate":1,"minecraft:crafting_table":1,"minecraft:cobblestone":11,"minecraft:oak_planks":4,"minecraft:cooked_mutton":2,"minecraft:golden_shovel":1,"minecraft:oak_boat":3,"minecraft:birch_boat":2,"minecraft:bow":2},"minecraft:killed":{"minecraft:pig":7,"minecraft:salmon":3,"minecraft:spider":1,"minecraft:creeper":2,"minecraft:sheep":10,"minecraft:skeleton":7,"minecraft:zombie":2,"minecraft:chicken":3,"minecraft:cow":1},"minecraft:custom":{"minecraft:interact_with_furnace":62,"minecraft:mob_kills":37,"minecraft:interact_with_crafting_table":28,"minecraft:leave_game":3,"minecraft:time_since_death":35885,"minecraft:sleep_in_bed":4,"minecraft:climb_one_cm":13253,"minecraft:time_since_rest":35959,"minecraft:sprint_one_cm":348968,"minecraft:damage_absorbed":20,"minecraft:damage_taken":3302,"minecraft:walk_one_cm":904009,"minecraft:damage_blocked_by_shield":310,"minecraft:drop":27,"minecraft:damage_dealt":5479,"minecraft:swim_one_cm":6670,"minecraft:fly_one_cm":304704,"minecraft:open_chest":23,"minecraft:crouch_one_cm":5893,"minecraft:play_time":221469,"minecraft:deaths":7,"minecraft:sneak_time":2860,"minecraft:walk_under_water_one_cm":17416,"minecraft:boat_one_cm":107398,"minecraft:jump":3467,"minecraft:walk_on_water_one_cm":33800,"minecraft:total_world_time":221469,"minecraft:fall_one_cm":67855},"minecraft:broken":{"minecraft:wooden_axe":1,"minecraft:wooden_pickaxe":1},"minecraft:killed_by":{"minecraft:player":1,"minecraft:skeleton":2,"minecraft:spider":1,"minecraft:zombie":1},"minecraft:crafted":{"minecraft:cooked_beef":2,"minecraft:oak_planks":364,"minecraft:cooked_porkchop":12,"minecraft:crafting_table":4,"minecraft:iron_helmet":1,"minecraft:cooked_chicken":5,"minecraft:iron_sword":1,"minecraft:furnace":1,"minecraft:bone_meal":24,"minecraft:stone_axe":1,"minecraft:cooked_mutton":13,"minecraft:oak_trapdoor":2,"minecraft:glass":20,"minecraft:oak_boat":5,"minecraft:iron_boots":1,"minecraft:iron_chestplate":1,"minecraft:shield":1,"minecraft:ladder":6,"minecraft:stick":28,"minecraft:iron_ingot":25,"minecraft:iron_pickaxe":1,"minecraft:stone_pickaxe":1,"minecraft:wooden_axe":2,"minecraft:stone_sword":1,"minecraft:chest":1,"minecraft:iron_leggings":1,"minecraft:white_bed":1,"minecraft:birch_door":3}},"DataVersion":3465}