{"stats":{"minecraft:crafted":{"minecraft:oak_planks":180,"minecraft:crafting_table":1,"minecraft:stick":4,"minecraft:wooden_axe":2},"minecraft:used":{"minecraft:oak_log":32,"minecraft:wooden_axe":65,"minecraft:crafting_table":2,"minecraft:oak_planks":15},"minecraft:picked_up":{"minecraft:stick":5,"minecraft:crafting_table":1,"minecraft:oak_log":112,"minecraft:oak_sapling":8,"minecraft:oak_planks":7},"minecraft:broken":{"minecraft:wooden_axe":1},"minecraft:mined":{"minecraft:grass":5,"minecraft:oak_log":124,"minecraft:oak_planks":7,"minecraft:oak_leaves":30,"minecraft:crafting_table":1},"minecraft:killed_by":{"minecraft:skeleton":2,"minecraft:spider":1,"minecraft:zombie":1},"minecraft:custom":{"minecraft:time_since_rest":15686,"minecraft:crouch_one_cm":12,"minecraft:deaths":5,"minecraft:sprint_one_cm":44918,"minecraft:play_time":43808,"minecraft:damage_taken":870,"minecraft:walk_one_cm":73706,"minecraft:sneak_time":3,"minecraft:jump":352,"minecraft:damage_dealt":321,"minecraft:leave_game":2,"minecraft:time_since_death":15658,"minecraft:total_world_time":43808,"minecraft:interact_with_crafting_table":2,"minecraft:fall_one_cm":9939,"minecraft:fly_one_cm":35849}},"DataVersion":3465}