{"stats":{"minecraft:picked_up":{"minecraft:cobbled_deepslate":1,"minecraft:calcite":4,"minecraft:gunpowder":1},"minecraft:used":{"minecraft:netherite_sword":13,"the_knocker:knocker_spawn_egg":21,"cave_dweller:cave_dweller_spawn_egg":34,"minecraft:pig_spawn_egg":1},"minecraft:dropped":{"gravestone:obituary":1,"minecraft:dirt":1,"minecraft:birch_planks":16,"minecraft:wooden_pickaxe":1,"minecraft:calcite":4,"minecraft:cobbled_deepslate":1,"minecraft:pig_spawn_egg":1,"minecraft:wooden_axe":1,"minecraft:crafting_table":1},"minecraft:killed":{"minecraft:spider":1,"minecraft:creeper":2},"minecraft:custom":{"minecraft:time_since_rest":137,"minecraft:deaths":1,"minecraft:play_time":126422,"minecraft:crouch_one_cm":109,"minecraft:sprint_one_cm":38258,"minecraft:damage_taken":260,"minecraft:walk_one_cm":95419,"minecraft:sneak_time":2340,"minecraft:mob_kills":3,"minecraft:boat_one_cm":4,"minecraft:drop":12,"minecraft:jump":276,"minecraft:damage_dealt":1177,"minecraft:leave_game":2,"minecraft:time_since_death":104,"minecraft:climb_one_cm":52,"minecraft:total_world_time":126422,"minecraft:fall_one_cm":1616,"minecraft:fly_one_cm":1650306}},"DataVersion":3465}