{"stats":{"minecraft:picked_up":{"minecraft:calcite":4},"minecraft:used":{"the_knocker:knocker_spawn_egg":21,"cave_dweller:cave_dweller_spawn_egg":34,"minecraft:pig_spawn_egg":1},"minecraft:dropped":{"gravestone:obituary":1,"minecraft:dirt":1,"minecraft:birch_planks":16,"minecraft:wooden_pickaxe":1,"minecraft:calcite":4,"minecraft:pig_spawn_egg":1,"minecraft:wooden_axe":1,"minecraft:crafting_table":1},"minecraft:custom":{"minecraft:time_since_rest":113745,"minecraft:crouch_one_cm":85,"minecraft:sprint_one_cm":32621,"minecraft:play_time":113745,"minecraft:damage_taken":90,"minecraft:walk_one_cm":60100,"minecraft:sneak_time":2193,"minecraft:drop":11,"minecraft:jump":221,"minecraft:damage_dealt":245,"minecraft:leave_game":1,"minecraft:time_since_death":113745,"minecraft:climb_one_cm":52,"minecraft:total_world_time":113745,"minecraft:fall_one_cm":1405,"minecraft:fly_one_cm":1556545}},"DataVersion":3465}