{"stats":{"minecraft:used":{"the_knocker:knocker_spawn_egg":18,"cave_dweller:cave_dweller_spawn_egg":30,"minecraft:pig_spawn_egg":1},"minecraft:dropped":{"gravestone:obituary":1,"minecraft:dirt":1,"minecraft:birch_planks":16,"minecraft:wooden_pickaxe":1,"minecraft:calcite":4,"minecraft:pig_spawn_egg":1,"minecraft:wooden_axe":1,"minecraft:crafting_table":1},"minecraft:picked_up":{"minecraft:calcite":4},"minecraft:custom":{"minecraft:time_since_rest":59716,"minecraft:crouch_one_cm":29,"minecraft:sprint_one_cm":31502,"minecraft:play_time":59716,"minecraft:damage_taken":90,"minecraft:walk_one_cm":53101,"minecraft:sneak_time":2017,"minecraft:drop":11,"minecraft:jump":196,"minecraft:damage_dealt":245,"minecraft:time_since_death":59716,"minecraft:total_world_time":59716,"minecraft:fall_one_cm":1405,"minecraft:fly_one_cm":1386753}},"DataVersion":3465}