{"stats":{"minecraft:picked_up":{"minecraft:birch_log":36,"minecraft:crafting_table":11,"minecraft:azure_bluet":10,"minecraft:feather":18,"minecraft:lilac":3,"minecraft:chicken":16,"minecraft:ladder":1,"minecraft:andesite":4,"minecraft:leather":4,"minecraft:brown_mushroom":6,"minecraft:wooden_pickaxe":1,"minecraft:birch_planks":21,"minecraft:oak_log":26,"minecraft:gunpowder":1,"minecraft:dirt":59,"minecraft:string":4,"minecraft:raw_copper":17,"minecraft:cooked_mutton":2,"minecraft:bone":5,"minecraft:bow":1,"minecraft:beef":10,"minecraft:rose_bush":9,"minecraft:poppy":6,"minecraft:iron_sword":1,"minecraft:phantom_membrane":1,"minecraft:furnace":14,"minecraft:raw_iron":71,"minecraft:stick":2,"minecraft:cooked_porkchop":1,"minecraft:birch_boat":1,"minecraft:torch":4,"minecraft:porkchop":14,"minecraft:diorite":9,"minecraft:carrot":1,"minecraft:arrow":5,"minecraft:rotten_flesh":25,"minecraft:granite":8,"minecraft:gray_wool":2,"minecraft:mutton":14,"minecraft:coal":135,"minecraft:white_wool":7,"minecraft:cobblestone":483},"minecraft:mined":{"minecraft:brown_mushroom":6,"minecraft:powder_snow":13,"minecraft:crafting_table":10,"minecraft:torch":1,"minecraft:glow_lichen":1,"minecraft:granite":9,"minecraft:grass_block":5,"minecraft:poppy":5,"minecraft:rose_bush":9,"minecraft:copper_ore":1,"minecraft:cobblestone":22,"minecraft:oak_planks":1,"minecraft:diorite":9,"minecraft:wall_torch":1,"minecraft:birch_planks":21,"minecraft:furnace":14,"minecraft:birch_log":36,"minecraft:iron_ore":71,"minecraft:lilac":3,"minecraft:andesite":4,"minecraft:birch_leaves":3,"minecraft:azure_bluet":12,"minecraft:grass":15,"minecraft:oak_log":24,"minecraft:coal_ore":124,"minecraft:dirt":40,"minecraft:stone":461,"minecraft:oak_leaves":20},"minecraft:used":{"minecraft:cooked_mutton":4,"minecraft:diorite":6,"minecraft:stone_sword":74,"minecraft:iron_shovel":14,"minecraft:birch_planks":87,"minecraft:stone_pickaxe":194,"minecraft:ladder":22,"minecraft:poppy":1,"minecraft:birch_boat":1,"minecraft:shield":5,"minecraft:wooden_pickaxe":51,"minecraft:iron_sword":246,"minecraft:cooked_chicken":6,"minecraft:rotten_flesh":2,"minecraft:torch":49,"minecraft:dirt":35,"minecraft:crafting_table":11,"minecraft:carrot":1,"minecraft:white_bed":1,"minecraft:granite":8,"minecraft:wooden_axe":98,"minecraft:iron_pickaxe":510,"minecraft:cobblestone":433,"minecraft:bow":5,"minecraft:furnace":18,"minecraft:cooked_porkchop":6,"minecraft:andesite":4,"minecraft:cooked_beef":12},"minecraft:dropped":{"minecraft:iron_ingot":17,"minecraft:cooked_beef":1,"minecraft:lilac":3,"minecraft:raw_copper":5,"minecraft:cobblestone":2,"minecraft:crafting_table":1,"minecraft:cooked_porkchop":4,"minecraft:rotten_flesh":23,"minecraft:leather":4,"minecraft:cooked_mutton":2,"minecraft:azure_bluet":10,"minecraft:poppy":5,"minecraft:dirt":1,"minecraft:diorite":3,"minecraft:rose_bush":9,"gravestone:obituary":1,"minecraft:wooden_pickaxe":3},"minecraft:killed":{"minecraft:pig":9,"minecraft:zombie_villager":1,"minecraft:spider":3,"minecraft:creeper":1,"minecraft:phantom":1,"minecraft:sheep":9,"minecraft:skeleton":5,"minecraft:zombie":25,"minecraft:chicken":16,"minecraft:cow":6},"minecraft:custom":{"minecraft:interact_with_furnace":73,"minecraft:mob_kills":76,"minecraft:interact_with_crafting_table":35,"minecraft:leave_game":2,"minecraft:time_since_death":155268,"minecraft:climb_one_cm":14409,"minecraft:time_since_rest":155312,"minecraft:sprint_one_cm":263608,"minecraft:damage_taken":2430,"minecraft:walk_one_cm":699247,"minecraft:damage_blocked_by_shield":140,"minecraft:drop":30,"minecraft:damage_dealt":10283,"minecraft:swim_one_cm":1775,"minecraft:fly_one_cm":114440,"minecraft:open_chest":3,"minecraft:crouch_one_cm":36192,"minecraft:play_time":156380,"minecraft:deaths":1,"minecraft:sneak_time":10236,"minecraft:walk_under_water_one_cm":7485,"minecraft:boat_one_cm":20259,"minecraft:jump":1663,"minecraft:walk_on_water_one_cm":8741,"minecraft:total_world_time":156380,"minecraft:fall_one_cm":27470},"minecraft:broken":{"minecraft:stone_pickaxe":1,"minecraft:iron_sword":2,"minecraft:iron_pickaxe":2,"minecraft:wooden_axe":1},"minecraft:killed_by":{"cave_dweller:cave_dweller":1},"minecraft:crafted":{"minecraft:cooked_beef":13,"minecraft:oak_planks":44,"minecraft:cooked_porkchop":10,"minecraft:crafting_table":2,"minecraft:birch_boat":1,"minecraft:iron_helmet":1,"minecraft:wooden_pickaxe":2,"minecraft:cooked_chicken":16,"minecraft:iron_sword":1,"minecraft:bowl":4,"minecraft:furnace":4,"minecraft:birch_planks":144,"minecraft:cooked_mutton":14,"minecraft:air":0,"minecraft:iron_boots":1,"minecraft:iron_chestplate":1,"minecraft:shield":1,"minecraft:ladder":24,"minecraft:stick":92,"minecraft:iron_ingot":55,"minecraft:iron_pickaxe":2,"minecraft:stone_pickaxe":2,"minecraft:wooden_axe":2,"minecraft:stone_sword":1,"minecraft:iron_shovel":1,"minecraft:iron_leggings":1,"minecraft:white_bed":1,"minecraft:torch":68}},"DataVersion":3465}