{"stats":{"minecraft:picked_up":{"minecraft:crafting_table":12,"minecraft:azure_bluet":10,"minecraft:chicken":16,"minecraft:ladder":5,"minecraft:brown_mushroom":6,"minecraft:wooden_pickaxe":1,"minecraft:string":8,"minecraft:raw_copper":17,"minecraft:cobbled_deepslate":69,"minecraft:beef":10,"minecraft:oak_boat":3,"minecraft:rose_bush":9,"minecraft:poppy":6,"minecraft:phantom_membrane":1,"minecraft:furnace":16,"minecraft:stick":6,"minecraft:raw_iron":107,"minecraft:torch":5,"minecraft:porkchop":14,"minecraft:diorite":12,"minecraft:carrot":2,"minecraft:arrow":10,"minecraft:rotten_flesh":36,"minecraft:mutton":14,"minecraft:white_wool":7,"minecraft:cobblestone":577,"minecraft:birch_log":36,"minecraft:feather":18,"minecraft:lilac":3,"minecraft:andesite":18,"minecraft:leather":4,"minecraft:birch_planks":21,"minecraft:oak_log":26,"minecraft:gunpowder":1,"minecraft:lapis_lazuli":53,"minecraft:dirt":68,"minecraft:cooked_mutton":2,"minecraft:bone":8,"minecraft:apple":1,"minecraft:bow":2,"minecraft:raw_gold":4,"minecraft:stone_pickaxe":1,"minecraft:iron_sword":1,"minecraft:cooked_porkchop":1,"minecraft:birch_boat":1,"minecraft:granite":11,"minecraft:gray_wool":2,"minecraft:coal":166},"minecraft:mined":{"minecraft:glow_lichen":1,"minecraft:granite":12,"minecraft:grass_block":6,"minecraft:magma_block":4,"minecraft:furnace":16,"minecraft:iron_ore":107,"minecraft:cobbled_deepslate":5,"minecraft:andesite":13,"minecraft:azure_bluet":12,"minecraft:stone":514,"minecraft:brown_mushroom":6,"minecraft:powder_snow":13,"minecraft:crafting_table":11,"minecraft:torch":2,"minecraft:poppy":5,"minecraft:rose_bush":9,"minecraft:cobblestone":80,"minecraft:copper_ore":1,"minecraft:lapis_ore":7,"minecraft:oak_planks":1,"minecraft:diorite":12,"minecraft:wall_torch":1,"minecraft:birch_planks":21,"minecraft:birch_log":36,"minecraft:lilac":3,"minecraft:birch_leaves":3,"minecraft:grass":15,"minecraft:coal_ore":124,"minecraft:oak_log":24,"minecraft:dirt":48,"minecraft:gold_ore":4,"minecraft:oak_leaves":21},"minecraft:used":{"minecraft:stone_sword":74,"minecraft:iron_shovel":21,"minecraft:poppy":1,"minecraft:ladder":22,"minecraft:shield":5,"minecraft:iron_sword":314,"minecraft:cooked_chicken":6,"minecraft:rotten_flesh":2,"minecraft:torch":73,"minecraft:dirt":35,"minecraft:carrot":2,"minecraft:granite":11,"minecraft:wooden_axe":98,"minecraft:bow":10,"minecraft:furnace":18,"minecraft:cooked_beef":12,"minecraft:cobbled_deepslate":7,"minecraft:cooked_mutton":10,"minecraft:diorite":9,"minecraft:birch_planks":96,"minecraft:stone_pickaxe":252,"minecraft:wooden_pickaxe":51,"minecraft:birch_boat":1,"minecraft:crafting_table":12,"minecraft:white_bed":1,"minecraft:iron_pickaxe":643,"minecraft:cobblestone":492,"minecraft:cooked_porkchop":7,"minecraft:andesite":13,"minecraft:oak_boat":1},"minecraft:dropped":{"minecraft:iron_ingot":17,"minecraft:cooked_beef":1,"minecraft:lilac":3,"minecraft:crafting_table":1,"minecraft:cooked_porkchop":4,"minecraft:cobblestone":2,"minecraft:leather":4,"minecraft:dirt":1,"minecraft:diorite":3,"minecraft:wooden_axe":1,"minecraft:rose_bush":9,"gravestone:obituary":1,"minecraft:raw_copper":5,"minecraft:rotten_flesh":34,"minecraft:cooked_mutton":2,"minecraft:azure_bluet":10,"minecraft:poppy":5,"minecraft:oak_boat":1,"minecraft:wooden_pickaxe":3},"minecraft:killed":{"minecraft:spider":5,"minecraft:phantom":1,"minecraft:skeleton":9,"minecraft:chicken":16,"minecraft:pig":9,"minecraft:zombie_villager":2,"minecraft:creeper":1,"minecraft:sheep":9,"minecraft:zombie":30,"minecraft:cow":6},"minecraft:custom":{"minecraft:mob_kills":89,"minecraft:interact_with_crafting_table":40,"minecraft:leave_game":2,"minecraft:time_since_death":191268,"minecraft:climb_one_cm":16835,"minecraft:sprint_one_cm":348620,"minecraft:walk_one_cm":845985,"minecraft:damage_blocked_by_shield":140,"minecraft:drop":33,"minecraft:play_time":192380,"minecraft:deaths":1,"minecraft:sneak_time":11085,"minecraft:walk_under_water_one_cm":19234,"minecraft:boat_one_cm":21066,"minecraft:jump":2072,"minecraft:walk_on_water_one_cm":29881,"minecraft:total_world_time":192380,"minecraft:interact_with_furnace":76,"minecraft:time_since_rest":191312,"minecraft:damage_taken":2860,"minecraft:damage_dealt":12612,"minecraft:swim_one_cm":37996,"minecraft:fly_one_cm":154807,"minecraft:open_chest":4,"minecraft:crouch_one_cm":39311,"minecraft:fall_one_cm":32009},"minecraft:broken":{"minecraft:stone_pickaxe":2,"minecraft:iron_sword":2,"minecraft:iron_pickaxe":2,"minecraft:wooden_axe":1},"minecraft:killed_by":{"cave_dweller:cave_dweller":1},"minecraft:crafted":{"minecraft:oak_planks":44,"minecraft:birch_boat":1,"minecraft:cooked_chicken":16,"minecraft:furnace":4,"minecraft:cooked_mutton":14,"minecraft:iron_boots":1,"minecraft:ladder":24,"minecraft:stone_pickaxe":2,"minecraft:cooked_beef":13,"minecraft:cooked_porkchop":10,"minecraft:crafting_table":2,"minecraft:wooden_pickaxe":2,"minecraft:iron_helmet":1,"minecraft:iron_sword":2,"minecraft:bowl":4,"minecraft:birch_planks":144,"minecraft:air":0,"minecraft:iron_chestplate":1,"minecraft:shield":1,"minecraft:stick":96,"minecraft:iron_ingot":57,"minecraft:iron_pickaxe":3,"minecraft:wooden_axe":2,"minecraft:stone_sword":1,"minecraft:iron_shovel":1,"minecraft:iron_leggings":1,"minecraft:white_bed":1,"minecraft:torch":68}},"DataVersion":3465}