{"stats":{"minecraft:picked_up":{"minecraft:birch_log":36,"minecraft:crafting_table":8,"minecraft:azure_bluet":10,"minecraft:feather":5,"minecraft:lilac":3,"minecraft:chicken":6,"minecraft:ladder":1,"minecraft:andesite":3,"minecraft:leather":4,"minecraft:brown_mushroom":6,"minecraft:wooden_pickaxe":1,"minecraft:oak_log":11,"minecraft:gunpowder":1,"minecraft:dirt":34,"minecraft:string":2,"minecraft:cooked_mutton":2,"minecraft:bone":2,"minecraft:beef":10,"minecraft:rose_bush":9,"minecraft:poppy":6,"minecraft:furnace":11,"minecraft:raw_iron":67,"minecraft:stick":1,"minecraft:birch_boat":1,"minecraft:torch":2,"minecraft:porkchop":14,"minecraft:diorite":9,"minecraft:carrot":1,"minecraft:arrow":2,"minecraft:rotten_flesh":9,"minecraft:granite":8,"minecraft:gray_wool":2,"minecraft:mutton":14,"minecraft:coal":90,"minecraft:white_wool":7,"minecraft:cobblestone":273},"minecraft:mined":{"minecraft:brown_mushroom":6,"minecraft:powder_snow":13,"minecraft:crafting_table":7,"minecraft:torch":1,"minecraft:glow_lichen":1,"minecraft:granite":9,"minecraft:grass_block":5,"minecraft:poppy":5,"minecraft:rose_bush":9,"minecraft:cobblestone":10,"minecraft:oak_planks":1,"minecraft:diorite":9,"minecraft:wall_torch":1,"minecraft:furnace":11,"minecraft:birch_log":36,"minecraft:iron_ore":67,"minecraft:lilac":3,"minecraft:andesite":3,"minecraft:birch_leaves":3,"minecraft:azure_bluet":12,"minecraft:grass":13,"minecraft:oak_log":9,"minecraft:coal_ore":76,"minecraft:dirt":11,"minecraft:stone":265,"minecraft:oak_leaves":15},"minecraft:used":{"minecraft:cooked_mutton":4,"minecraft:diorite":6,"minecraft:stone_sword":74,"minecraft:birch_planks":87,"minecraft:stone_pickaxe":128,"minecraft:ladder":18,"minecraft:poppy":1,"minecraft:birch_boat":1,"minecraft:shield":1,"minecraft:wooden_pickaxe":48,"minecraft:iron_sword":134,"minecraft:cooked_chicken":3,"minecraft:rotten_flesh":2,"minecraft:torch":30,"minecraft:dirt":4,"minecraft:crafting_table":9,"minecraft:carrot":1,"minecraft:white_bed":1,"minecraft:granite":8,"minecraft:wooden_axe":57,"minecraft:iron_pickaxe":309,"minecraft:cobblestone":220,"minecraft:furnace":13,"minecraft:cooked_porkchop":2,"minecraft:andesite":3,"minecraft:cooked_beef":11},"minecraft:dropped":{"minecraft:iron_ingot":6,"minecraft:cooked_beef":1,"minecraft:rotten_flesh":3,"minecraft:cooked_mutton":2,"minecraft:dirt":1,"minecraft:diorite":3,"gravestone:obituary":1,"minecraft:wooden_pickaxe":2},"minecraft:killed":{"minecraft:pig":9,"minecraft:spider":1,"minecraft:creeper":1,"minecraft:sheep":9,"minecraft:skeleton":3,"minecraft:zombie":10,"minecraft:chicken":6,"minecraft:cow":6},"minecraft:custom":{"minecraft:interact_with_furnace":60,"minecraft:mob_kills":45,"minecraft:interact_with_crafting_table":25,"minecraft:leave_game":2,"minecraft:time_since_death":107268,"minecraft:climb_one_cm":10569,"minecraft:time_since_rest":107312,"minecraft:sprint_one_cm":224904,"minecraft:damage_taken":1825,"minecraft:walk_one_cm":501863,"minecraft:damage_blocked_by_shield":30,"minecraft:drop":15,"minecraft:damage_dealt":5882,"minecraft:fly_one_cm":90495,"minecraft:open_chest":3,"minecraft:crouch_one_cm":10083,"minecraft:play_time":108380,"minecraft:deaths":1,"minecraft:sneak_time":3316,"minecraft:walk_under_water_one_cm":2421,"minecraft:boat_one_cm":20259,"minecraft:jump":1408,"minecraft:walk_on_water_one_cm":3745,"minecraft:total_world_time":108380,"minecraft:fall_one_cm":24798},"minecraft:broken":{"minecraft:stone_pickaxe":1,"minecraft:iron_pickaxe":1,"minecraft:wooden_axe":1},"minecraft:killed_by":{"cave_dweller:cave_dweller":1},"minecraft:crafted":{"minecraft:cooked_beef":13,"minecraft:oak_planks":44,"minecraft:cooked_porkchop":10,"minecraft:crafting_table":2,"minecraft:birch_boat":1,"minecraft:iron_helmet":1,"minecraft:wooden_pickaxe":1,"minecraft:cooked_chicken":3,"minecraft:iron_sword":1,"minecraft:bowl":4,"minecraft:furnace":4,"minecraft:birch_planks":144,"minecraft:cooked_mutton":4,"minecraft:air":0,"minecraft:iron_boots":1,"minecraft:iron_chestplate":1,"minecraft:shield":1,"minecraft:ladder":24,"minecraft:stick":84,"minecraft:iron_ingot":51,"minecraft:iron_pickaxe":2,"minecraft:stone_pickaxe":1,"minecraft:wooden_axe":1,"minecraft:stone_sword":1,"minecraft:iron_leggings":1,"minecraft:white_bed":1,"minecraft:torch":28}},"DataVersion":3465}