{"stats":{"minecraft:picked_up":{"minecraft:birch_log":36,"minecraft:crafting_table":12,"minecraft:azure_bluet":10,"minecraft:feather":18,"minecraft:lilac":3,"minecraft:chicken":16,"minecraft:ladder":1,"minecraft:andesite":4,"minecraft:leather":4,"minecraft:brown_mushroom":6,"minecraft:wooden_pickaxe":1,"minecraft:birch_planks":21,"minecraft:lapis_lazuli":53,"minecraft:oak_log":26,"minecraft:gunpowder":1,"minecraft:dirt":59,"minecraft:string":8,"minecraft:raw_copper":17,"minecraft:cooked_mutton":2,"minecraft:bone":8,"minecraft:bow":2,"minecraft:beef":10,"minecraft:rose_bush":9,"minecraft:poppy":6,"minecraft:iron_sword":1,"minecraft:phantom_membrane":1,"minecraft:furnace":16,"minecraft:raw_iron":90,"minecraft:stick":2,"minecraft:cooked_porkchop":1,"minecraft:birch_boat":1,"minecraft:torch":4,"minecraft:porkchop":14,"minecraft:diorite":10,"minecraft:carrot":2,"minecraft:arrow":10,"minecraft:rotten_flesh":31,"minecraft:granite":8,"minecraft:gray_wool":2,"minecraft:mutton":14,"minecraft:coal":166,"minecraft:white_wool":7,"minecraft:cobblestone":496},"minecraft:mined":{"minecraft:brown_mushroom":6,"minecraft:powder_snow":13,"minecraft:crafting_table":11,"minecraft:torch":1,"minecraft:glow_lichen":1,"minecraft:granite":9,"minecraft:grass_block":5,"minecraft:poppy":5,"minecraft:rose_bush":9,"minecraft:copper_ore":1,"minecraft:cobblestone":22,"minecraft:lapis_ore":7,"minecraft:oak_planks":1,"minecraft:diorite":10,"minecraft:wall_torch":1,"minecraft:birch_planks":21,"minecraft:furnace":16,"minecraft:birch_log":36,"minecraft:iron_ore":90,"minecraft:lilac":3,"minecraft:andesite":4,"minecraft:birch_leaves":3,"minecraft:azure_bluet":12,"minecraft:grass":15,"minecraft:oak_log":24,"minecraft:coal_ore":124,"minecraft:dirt":40,"minecraft:stone":474,"minecraft:oak_leaves":20},"minecraft:used":{"minecraft:cooked_mutton":6,"minecraft:diorite":6,"minecraft:stone_sword":74,"minecraft:iron_shovel":14,"minecraft:birch_planks":87,"minecraft:stone_pickaxe":226,"minecraft:ladder":22,"minecraft:poppy":1,"minecraft:birch_boat":1,"minecraft:shield":5,"minecraft:wooden_pickaxe":51,"minecraft:iron_sword":286,"minecraft:cooked_chicken":6,"minecraft:rotten_flesh":2,"minecraft:torch":55,"minecraft:dirt":35,"minecraft:crafting_table":12,"minecraft:carrot":1,"minecraft:white_bed":1,"minecraft:granite":8,"minecraft:wooden_axe":98,"minecraft:iron_pickaxe":520,"minecraft:cobblestone":453,"minecraft:bow":5,"minecraft:furnace":18,"minecraft:cooked_porkchop":7,"minecraft:andesite":4,"minecraft:cooked_beef":12},"minecraft:dropped":{"minecraft:iron_ingot":17,"minecraft:cooked_beef":1,"minecraft:lilac":3,"minecraft:raw_copper":5,"minecraft:cobblestone":2,"minecraft:crafting_table":1,"minecraft:cooked_porkchop":4,"minecraft:rotten_flesh":23,"minecraft:leather":4,"minecraft:cooked_mutton":2,"minecraft:azure_bluet":10,"minecraft:poppy":5,"minecraft:dirt":1,"minecraft:diorite":3,"minecraft:rose_bush":9,"gravestone:obituary":1,"minecraft:wooden_pickaxe":3},"minecraft:killed":{"minecraft:pig":9,"minecraft:zombie_villager":2,"minecraft:spider":5,"minecraft:creeper":1,"minecraft:phantom":1,"minecraft:sheep":9,"minecraft:skeleton":8,"minecraft:zombie":28,"minecraft:chicken":16,"minecraft:cow":6},"minecraft:custom":{"minecraft:interact_with_furnace":75,"minecraft:mob_kills":86,"minecraft:interact_with_crafting_table":38,"minecraft:leave_game":2,"minecraft:time_since_death":167268,"minecraft:climb_one_cm":14409,"minecraft:time_since_rest":167312,"minecraft:sprint_one_cm":285592,"minecraft:damage_taken":2651,"minecraft:walk_one_cm":753707,"minecraft:damage_blocked_by_shield":140,"minecraft:drop":30,"minecraft:damage_dealt":11565,"minecraft:swim_one_cm":15074,"minecraft:fly_one_cm":127366,"minecraft:open_chest":3,"minecraft:crouch_one_cm":37580,"minecraft:play_time":168380,"minecraft:deaths":1,"minecraft:sneak_time":10693,"minecraft:walk_under_water_one_cm":13025,"minecraft:boat_one_cm":20259,"minecraft:jump":1794,"minecraft:walk_on_water_one_cm":19769,"minecraft:total_world_time":168380,"minecraft:fall_one_cm":28635},"minecraft:broken":{"minecraft:stone_pickaxe":1,"minecraft:iron_sword":2,"minecraft:iron_pickaxe":2,"minecraft:wooden_axe":1},"minecraft:killed_by":{"cave_dweller:cave_dweller":1},"minecraft:crafted":{"minecraft:cooked_beef":13,"minecraft:oak_planks":44,"minecraft:cooked_porkchop":10,"minecraft:crafting_table":2,"minecraft:birch_boat":1,"minecraft:iron_helmet":1,"minecraft:wooden_pickaxe":2,"minecraft:cooked_chicken":16,"minecraft:iron_sword":2,"minecraft:bowl":4,"minecraft:furnace":4,"minecraft:birch_planks":144,"minecraft:cooked_mutton":14,"minecraft:air":0,"minecraft:iron_boots":1,"minecraft:iron_chestplate":1,"minecraft:shield":1,"minecraft:ladder":24,"minecraft:stick":96,"minecraft:iron_ingot":57,"minecraft:iron_pickaxe":3,"minecraft:stone_pickaxe":2,"minecraft:wooden_axe":2,"minecraft:stone_sword":1,"minecraft:iron_shovel":1,"minecraft:iron_leggings":1,"minecraft:white_bed":1,"minecraft:torch":68}},"DataVersion":3465}