{"stats":{"minecraft:crafted":{"minecraft:cooked_beef":10,"minecraft:oak_planks":16,"minecraft:cooked_porkchop":2,"minecraft:crafting_table":2,"minecraft:iron_helmet":1,"minecraft:wooden_pickaxe":1,"minecraft:iron_sword":1,"minecraft:furnace":4,"minecraft:birch_planks":116,"minecraft:cooked_mutton":2,"minecraft:air":0,"minecraft:iron_chestplate":1,"minecraft:shield":1,"minecraft:stick":20,"minecraft:iron_ingot":36,"minecraft:iron_pickaxe":1,"minecraft:stone_pickaxe":1,"minecraft:wooden_axe":1,"minecraft:stone_sword":1,"minecraft:iron_leggings":1,"minecraft:torch":20},"minecraft:killed":{"minecraft:pig":1,"minecraft:sheep":3,"minecraft:zombie":5,"minecraft:cow":6},"minecraft:used":{"minecraft:diorite":5,"minecraft:stone_sword":74,"minecraft:stone_pickaxe":128,"minecraft:wooden_pickaxe":33,"minecraft:iron_sword":22,"minecraft:rotten_flesh":2,"minecraft:torch":19,"minecraft:dirt":1,"minecraft:crafting_table":7,"minecraft:wooden_axe":39,"minecraft:iron_pickaxe":75,"minecraft:cobblestone":48,"minecraft:furnace":9,"minecraft:cooked_porkchop":2,"minecraft:andesite":3,"minecraft:cooked_beef":8},"minecraft:dropped":{"minecraft:cooked_beef":1,"minecraft:dirt":1,"gravestone:obituary":1},"minecraft:picked_up":{"minecraft:birch_log":29,"minecraft:crafting_table":5,"minecraft:azure_bluet":10,"minecraft:lilac":3,"minecraft:andesite":3,"minecraft:leather":4,"minecraft:oak_log":4,"minecraft:dirt":32,"minecraft:beef":10,"minecraft:rose_bush":9,"minecraft:poppy":6,"minecraft:furnace":5,"minecraft:stick":1,"minecraft:raw_iron":56,"minecraft:torch":2,"minecraft:porkchop":2,"minecraft:diorite":5,"minecraft:rotten_flesh":2,"minecraft:gray_wool":1,"minecraft:mutton":4,"minecraft:coal":49,"minecraft:white_wool":2,"minecraft:cobblestone":93},"minecraft:broken":{"minecraft:stone_pickaxe":1},"minecraft:mined":{"minecraft:powder_snow":13,"minecraft:crafting_table":5,"minecraft:glow_lichen":1,"minecraft:torch":1,"minecraft:grass_block":4,"minecraft:poppy":5,"minecraft:rose_bush":9,"minecraft:cobblestone":1,"minecraft:diorite":5,"minecraft:wall_torch":1,"minecraft:furnace":5,"minecraft:birch_log":29,"minecraft:iron_ore":56,"minecraft:lilac":3,"minecraft:andesite":3,"minecraft:azure_bluet":12,"minecraft:grass":9,"minecraft:oak_log":3,"minecraft:coal_ore":42,"minecraft:dirt":10,"minecraft:stone":93,"minecraft:oak_leaves":6},"minecraft:killed_by":{"cave_dweller:cave_dweller":1},"minecraft:custom":{"minecraft:interact_with_furnace":33,"minecraft:mob_kills":15,"minecraft:interact_with_crafting_table":14,"minecraft:leave_game":1,"minecraft:time_since_death":54002,"minecraft:time_since_rest":54046,"minecraft:sprint_one_cm":142434,"minecraft:damage_taken":1120,"minecraft:walk_one_cm":243987,"minecraft:drop":3,"minecraft:damage_dealt":2153,"minecraft:fly_one_cm":55138,"minecraft:crouch_one_cm":4910,"minecraft:play_time":55114,"minecraft:deaths":1,"minecraft:sneak_time":1676,"minecraft:jump":727,"minecraft:walk_on_water_one_cm":116,"minecraft:total_world_time":55114,"minecraft:fall_one_cm":15517}},"DataVersion":3465}