{"stats":{"minecraft:picked_up":{"minecraft:wooden_axe":1,"minecraft:crafting_table":15,"minecraft:chicken":11,"minecraft:wooden_pickaxe":1,"minecraft:golden_shovel":1,"gravestone:obituary":1,"minecraft:string":28,"minecraft:cobbled_deepslate":299,"minecraft:smooth_stone":7,"minecraft:beef":8,"minecraft:cyan_wool":11,"minecraft:furnace":8,"minecraft:blue_wool":19,"minecraft:raw_iron":80,"minecraft:torch":1,"minecraft:porkchop":46,"minecraft:diorite":7,"minecraft:carrot":1,"minecraft:redstone":29,"minecraft:arrow":29,"minecraft:rotten_flesh":91,"minecraft:cobblestone":176,"minecraft:birch_log":18,"minecraft:magma_block":15,"minecraft:feather":2,"minecraft:andesite":19,"minecraft:leather":6,"minecraft:birch_planks":19,"minecraft:tuff":16,"minecraft:oak_log":8,"minecraft:gunpowder":10,"minecraft:lapis_lazuli":56,"minecraft:dirt":23,"minecraft:bone":53,"minecraft:apple":1,"minecraft:raw_gold":12,"minecraft:iron_ingot":1,"minecraft:oak_planks":8,"minecraft:smooth_basalt":3,"minecraft:birch_boat":5,"minecraft:dark_oak_log":5,"minecraft:spider_eye":22,"minecraft:diamond":9,"minecraft:oak_sapling":2,"minecraft:coal":346},"minecraft:used":{"minecraft:stone_sword":117,"minecraft:shield":70,"minecraft:rotten_flesh":110,"minecraft:carrot":3,"minecraft:tuff":7,"minecraft:wooden_axe":32,"minecraft:iron_axe":306,"minecraft:iron_helmet":2,"minecraft:smooth_basalt":3,"minecraft:magma_block":10,"minecraft:furnace":8,"minecraft:cooked_beef":1,"minecraft:cobbled_deepslate":57,"minecraft:enchanted_golden_apple":1,"minecraft:birch_planks":3,"minecraft:stone_pickaxe":389,"minecraft:oak_planks":7,"minecraft:birch_boat":3,"minecraft:wooden_pickaxe":48,"minecraft:golden_apple":2,"minecraft:glow_berries":3,"minecraft:crafting_table":16,"minecraft:shears":29,"minecraft:oak_log":5,"minecraft:apple":1,"minecraft:dark_oak_log":2,"minecraft:iron_pickaxe":879,"minecraft:stone_axe":69,"minecraft:cobblestone":72,"minecraft:birch_log":1,"minecraft:bucket":1},"minecraft:mined":{"minecraft:tuff":39,"minecraft:light_blue_wool":10,"minecraft:deepslate_diamond_ore":9,"minecraft:sculk_vein":9,"minecraft:dark_oak_log":6,"minecraft:glow_lichen":1,"gravestone:gravestone":3,"minecraft:grass_block":1,"minecraft:blue_wool":20,"minecraft:spawner":4,"minecraft:magma_block":15,"minecraft:furnace":8,"minecraft:iron_ore":12,"minecraft:cobbled_deepslate":21,"minecraft:fire":1,"minecraft:andesite":19,"minecraft:deepslate_lapis_ore":8,"minecraft:sculk_shrieker":2,"minecraft:deepslate_iron_ore":68,"minecraft:stone":167,"minecraft:deepslate_redstone_ore":6,"minecraft:powder_snow":3,"minecraft:crafting_table":14,"minecraft:sculk_sensor":10,"minecraft:cobblestone":9,"minecraft:deepslate_gold_ore":12,"minecraft:oak_planks":4,"minecraft:sculk":108,"minecraft:diorite":7,"minecraft:cyan_wool":11,"minecraft:birch_planks":3,"minecraft:birch_log":17,"minecraft:birch_leaves":1,"minecraft:grass":1,"minecraft:oak_log":7,"minecraft:coal_ore":68,"minecraft:dirt":9,"minecraft:cobweb":14,"minecraft:smooth_basalt":3,"minecraft:deepslate":745},"minecraft:dropped":{"minecraft:birch_planks":1,"minecraft:feather":2,"minecraft:iron_helmet":1,"minecraft:cobblestone":72,"minecraft:item_frame":1,"minecraft:stick":1,"minecraft:diorite":7,"gravestone:obituary":5,"minecraft:smooth_stone":7,"minecraft:string":20,"minecraft:bone":42,"minecraft:cobbled_deepslate":195,"minecraft:tuff":4,"minecraft:blue_wool":19,"minecraft:name_tag":1,"minecraft:shears":1,"minecraft:cyan_wool":11,"minecraft:gunpowder":17,"minecraft:andesite":19,"minecraft:oak_sapling":2,"minecraft:spider_eye":22,"minecraft:birch_boat":1,"minecraft:wooden_pickaxe":1},"minecraft:killed":{"minecraft:cave_spider":10,"minecraft:witch":1,"minecraft:spider":12,"minecraft:skeleton":37,"minecraft:chicken":11,"minecraft:pig":23,"minecraft:zombie_villager":1,"minecraft:creeper":9,"minecraft:zombie":79,"minecraft:cow":5},"minecraft:custom":{"minecraft:mob_kills":190,"minecraft:interact_with_crafting_table":40,"minecraft:leave_game":5,"minecraft:time_since_death":145814,"minecraft:damage_resisted":68,"minecraft:sprint_one_cm":355059,"minecraft:walk_one_cm":768045,"minecraft:damage_blocked_by_shield":1950,"minecraft:drop":39,"minecraft:play_time":190075,"minecraft:deaths":6,"minecraft:sneak_time":43218,"minecraft:walk_under_water_one_cm":47197,"minecraft:boat_one_cm":17095,"minecraft:jump":3004,"minecraft:walk_on_water_one_cm":18969,"minecraft:total_world_time":190075,"minecraft:interact_with_furnace":64,"minecraft:time_since_rest":145851,"minecraft:damage_taken":3680,"minecraft:damage_absorbed":124,"minecraft:damage_dealt":32327,"minecraft:swim_one_cm":32959,"minecraft:fly_one_cm":272519,"minecraft:player_kills":1,"minecraft:open_chest":23,"minecraft:crouch_one_cm":122679,"minecraft:fall_one_cm":60946},"minecraft:broken":{"minecraft:stone_sword":1,"minecraft:stone_pickaxe":3,"minecraft:iron_axe":2,"minecraft:stone_axe":1,"minecraft:iron_pickaxe":3,"minecraft:wooden_axe":1},"minecraft:killed_by":{"minecraft:creeper":1,"cave_dweller:cave_dweller":2},"minecraft:crafted":{"minecraft:oak_planks":12,"minecraft:smooth_stone":10,"minecraft:furnace":2,"minecraft:blast_furnace":1,"minecraft:stone":10,"minecraft:iron_boots":1,"minecraft:iron_axe":3,"minecraft:stone_pickaxe":3,"minecraft:dark_oak_planks":12,"minecraft:cooked_beef":1,"minecraft:item_frame":1,"minecraft:crafting_table":2,"minecraft:wooden_pickaxe":1,"minecraft:iron_helmet":2,"minecraft:birch_planks":36,"minecraft:stone_axe":1,"minecraft:air":0,"minecraft:iron_chestplate":1,"minecraft:shield":1,"minecraft:stick":36,"minecraft:iron_pickaxe":4,"minecraft:iron_ingot":64,"minecraft:wooden_axe":1,"minecraft:stone_sword":1,"minecraft:iron_leggings":1,"minecraft:shears":1}},"DataVersion":3465}