{"stats":{"minecraft:picked_up":{"minecraft:wooden_axe":1,"minecraft:birch_log":9,"minecraft:crafting_table":11,"minecraft:magma_block":15,"minecraft:andesite":19,"minecraft:leather":2,"minecraft:wooden_pickaxe":1,"minecraft:birch_planks":18,"minecraft:tuff":15,"minecraft:oak_log":8,"gravestone:obituary":1,"minecraft:gunpowder":6,"minecraft:dirt":23,"minecraft:lapis_lazuli":43,"minecraft:string":28,"minecraft:bone":23,"minecraft:cobbled_deepslate":198,"minecraft:raw_gold":9,"minecraft:iron_ingot":1,"minecraft:beef":1,"minecraft:oak_planks":3,"minecraft:furnace":7,"minecraft:raw_iron":71,"minecraft:smooth_basalt":3,"minecraft:diorite":7,"minecraft:carrot":1,"minecraft:redstone":7,"minecraft:spider_eye":22,"minecraft:arrow":17,"minecraft:rotten_flesh":79,"minecraft:diamond":5,"minecraft:oak_sapling":1,"minecraft:coal":342,"minecraft:cobblestone":175},"minecraft:used":{"minecraft:stone_sword":117,"minecraft:birch_planks":3,"minecraft:stone_pickaxe":389,"minecraft:wooden_pickaxe":48,"minecraft:shield":61,"minecraft:rotten_flesh":77,"minecraft:glow_berries":3,"minecraft:crafting_table":10,"minecraft:carrot":3,"minecraft:tuff":7,"minecraft:oak_log":5,"minecraft:wooden_axe":32,"minecraft:iron_axe":175,"minecraft:iron_pickaxe":179,"minecraft:smooth_basalt":3,"minecraft:stone_axe":69,"minecraft:magma_block":10,"minecraft:cobblestone":7,"minecraft:furnace":7,"minecraft:bucket":1,"minecraft:birch_log":1,"minecraft:cobbled_deepslate":39,"minecraft:enchanted_golden_apple":1},"minecraft:mined":{"minecraft:deepslate_redstone_ore":1,"minecraft:tuff":20,"minecraft:deepslate_diamond_ore":5,"minecraft:sculk_vein":1,"minecraft:powder_snow":3,"minecraft:crafting_table":10,"minecraft:glow_lichen":1,"gravestone:gravestone":3,"minecraft:grass_block":1,"minecraft:cobblestone":6,"minecraft:deepslate_gold_ore":9,"minecraft:oak_planks":3,"minecraft:diorite":7,"minecraft:spawner":3,"minecraft:birch_planks":2,"minecraft:magma_block":15,"minecraft:furnace":7,"minecraft:birch_log":8,"minecraft:iron_ore":12,"minecraft:cobbled_deepslate":7,"minecraft:andesite":19,"minecraft:birch_leaves":1,"minecraft:deepslate_lapis_ore":6,"minecraft:oak_log":7,"minecraft:coal_ore":68,"minecraft:deepslate_iron_ore":60,"minecraft:dirt":9,"minecraft:cobweb":14,"minecraft:smooth_basalt":3,"minecraft:stone":166,"minecraft:deepslate":182},"minecraft:dropped":{"minecraft:cobbled_deepslate":64,"minecraft:tuff":3,"minecraft:cobblestone":64,"minecraft:gunpowder":15,"minecraft:diorite":7,"minecraft:andesite":19,"minecraft:oak_sapling":1,"gravestone:obituary":5,"minecraft:spider_eye":22,"minecraft:string":20},"minecraft:killed":{"minecraft:cave_spider":10,"minecraft:witch":1,"minecraft:zombie_villager":1,"minecraft:spider":11,"minecraft:creeper":8,"minecraft:skeleton":26,"minecraft:zombie":67,"minecraft:cow":1},"minecraft:custom":{"minecraft:interact_with_furnace":60,"minecraft:mob_kills":126,"minecraft:interact_with_crafting_table":33,"minecraft:leave_game":1,"minecraft:time_since_death":68743,"minecraft:damage_resisted":68,"minecraft:time_since_rest":68780,"minecraft:sprint_one_cm":217354,"minecraft:damage_absorbed":84,"minecraft:damage_taken":2935,"minecraft:walk_one_cm":502674,"minecraft:damage_blocked_by_shield":1690,"minecraft:drop":17,"minecraft:damage_dealt":24217,"minecraft:swim_one_cm":27793,"minecraft:fly_one_cm":153329,"minecraft:open_chest":17,"minecraft:play_time":113004,"minecraft:crouch_one_cm":30878,"minecraft:deaths":6,"minecraft:sneak_time":14073,"minecraft:walk_under_water_one_cm":46609,"minecraft:jump":1782,"minecraft:walk_on_water_one_cm":18842,"minecraft:total_world_time":113004,"minecraft:fall_one_cm":38476},"minecraft:broken":{"minecraft:stone_pickaxe":3,"minecraft:iron_axe":1,"minecraft:stone_sword":1,"minecraft:stone_axe":1,"minecraft:wooden_axe":1},"minecraft:killed_by":{"minecraft:creeper":1,"cave_dweller:cave_dweller":2},"minecraft:crafted":{"minecraft:smooth_stone":10,"minecraft:oak_planks":12,"minecraft:crafting_table":1,"minecraft:wooden_pickaxe":1,"minecraft:iron_helmet":2,"minecraft:furnace":2,"minecraft:blast_furnace":1,"minecraft:stone":10,"minecraft:birch_planks":32,"minecraft:stone_axe":1,"minecraft:air":0,"minecraft:iron_boots":1,"minecraft:iron_chestplate":1,"minecraft:shield":1,"minecraft:iron_axe":2,"minecraft:stick":24,"minecraft:iron_ingot":64,"minecraft:iron_pickaxe":1,"minecraft:stone_pickaxe":3,"minecraft:wooden_axe":1,"minecraft:stone_sword":1,"minecraft:iron_leggings":1}},"DataVersion":3465}