{"stats":{"minecraft:crafted":{"minecraft:crafting_table":1,"minecraft:wooden_pickaxe":1,"minecraft:iron_helmet":1,"minecraft:furnace":1,"minecraft:birch_planks":28,"minecraft:air":0,"minecraft:iron_boots":1,"minecraft:iron_chestplate":1,"minecraft:shield":1,"minecraft:iron_axe":1,"minecraft:stick":12,"minecraft:iron_ingot":22,"minecraft:stone_pickaxe":3,"minecraft:wooden_axe":1},"minecraft:killed":{"minecraft:spider":5,"minecraft:creeper":2,"minecraft:skeleton":5,"minecraft:zombie":3,"minecraft:cow":1},"minecraft:used":{"minecraft:stone_pickaxe":363,"minecraft:wooden_pickaxe":46,"minecraft:shield":16,"minecraft:rotten_flesh":3,"minecraft:crafting_table":6,"minecraft:oak_log":3,"minecraft:wooden_axe":8,"minecraft:iron_axe":43,"minecraft:magma_block":10,"minecraft:cobblestone":1,"minecraft:furnace":4,"minecraft:birch_log":1},"minecraft:dropped":{"minecraft:oak_sapling":1},"minecraft:picked_up":{"minecraft:wooden_axe":1,"minecraft:birch_log":9,"minecraft:magma_block":15,"minecraft:crafting_table":7,"minecraft:andesite":19,"minecraft:leather":2,"minecraft:wooden_pickaxe":1,"minecraft:birch_planks":16,"minecraft:tuff":2,"minecraft:oak_log":6,"gravestone:obituary":1,"minecraft:gunpowder":1,"minecraft:string":4,"minecraft:dirt":23,"minecraft:bone":5,"minecraft:cobbled_deepslate":99,"minecraft:beef":1,"minecraft:furnace":3,"minecraft:raw_iron":30,"minecraft:diorite":7,"minecraft:spider_eye":2,"minecraft:arrow":2,"minecraft:rotten_flesh":5,"minecraft:oak_sapling":1,"minecraft:coal":161,"minecraft:cobblestone":166},"minecraft:broken":{"minecraft:stone_pickaxe":2},"minecraft:mined":{"minecraft:tuff":2,"minecraft:powder_snow":3,"minecraft:crafting_table":6,"gravestone:gravestone":2,"minecraft:grass_block":1,"minecraft:diorite":7,"minecraft:magma_block":15,"minecraft:furnace":3,"minecraft:birch_log":8,"minecraft:iron_ore":11,"minecraft:birch_leaves":1,"minecraft:andesite":19,"minecraft:coal_ore":68,"minecraft:oak_log":5,"minecraft:deepslate_iron_ore":19,"minecraft:dirt":9,"minecraft:stone":166,"minecraft:deepslate":99},"minecraft:killed_by":{"cave_dweller:cave_dweller":2},"minecraft:custom":{"minecraft:interact_with_furnace":22,"minecraft:mob_kills":16,"minecraft:interact_with_crafting_table":16,"minecraft:time_since_death":19047,"minecraft:time_since_rest":19087,"minecraft:sprint_one_cm":70087,"minecraft:damage_taken":1261,"minecraft:walk_one_cm":120143,"minecraft:damage_blocked_by_shield":435,"minecraft:drop":1,"minecraft:damage_dealt":2978,"minecraft:swim_one_cm":21422,"minecraft:fly_one_cm":54123,"minecraft:crouch_one_cm":11324,"minecraft:play_time":43106,"minecraft:deaths":5,"minecraft:sneak_time":8994,"minecraft:walk_under_water_one_cm":41854,"minecraft:jump":489,"minecraft:walk_on_water_one_cm":9612,"minecraft:total_world_time":43106,"minecraft:fall_one_cm":16146}},"DataVersion":3465}