{"stats":{"minecraft:picked_up":{"minecraft:wooden_axe":1,"minecraft:birch_log":9,"minecraft:crafting_table":10,"minecraft:magma_block":15,"minecraft:andesite":19,"minecraft:leather":2,"minecraft:wooden_pickaxe":1,"minecraft:birch_planks":18,"minecraft:tuff":14,"minecraft:oak_log":8,"gravestone:obituary":1,"minecraft:gunpowder":6,"minecraft:dirt":23,"minecraft:lapis_lazuli":43,"minecraft:string":28,"minecraft:bone":11,"minecraft:cobbled_deepslate":189,"minecraft:beef":1,"minecraft:oak_planks":3,"minecraft:furnace":5,"minecraft:raw_iron":46,"minecraft:smooth_basalt":3,"minecraft:diorite":7,"minecraft:carrot":1,"minecraft:redstone":2,"minecraft:spider_eye":22,"minecraft:arrow":10,"minecraft:rotten_flesh":57,"minecraft:diamond":4,"minecraft:oak_sapling":1,"minecraft:coal":280,"minecraft:cobblestone":168},"minecraft:used":{"minecraft:stone_sword":75,"minecraft:birch_planks":3,"minecraft:stone_pickaxe":389,"minecraft:wooden_pickaxe":48,"minecraft:shield":32,"minecraft:rotten_flesh":54,"minecraft:glow_berries":3,"minecraft:crafting_table":9,"minecraft:carrot":3,"minecraft:tuff":7,"minecraft:oak_log":5,"minecraft:wooden_axe":8,"minecraft:iron_axe":131,"minecraft:iron_pickaxe":119,"minecraft:smooth_basalt":3,"minecraft:stone_axe":68,"minecraft:magma_block":10,"minecraft:cobblestone":1,"minecraft:furnace":5,"minecraft:bucket":1,"minecraft:birch_log":1,"minecraft:cobbled_deepslate":18,"minecraft:enchanted_golden_apple":1},"minecraft:mined":{"minecraft:tuff":14,"minecraft:deepslate_diamond_ore":4,"minecraft:sculk_vein":1,"minecraft:powder_snow":3,"minecraft:crafting_table":9,"gravestone:gravestone":3,"minecraft:grass_block":1,"minecraft:cobblestone":2,"minecraft:oak_planks":3,"minecraft:diorite":7,"minecraft:spawner":3,"minecraft:birch_planks":2,"minecraft:magma_block":15,"minecraft:furnace":5,"minecraft:birch_log":8,"minecraft:iron_ore":12,"minecraft:cobbled_deepslate":4,"minecraft:andesite":19,"minecraft:birch_leaves":1,"minecraft:deepslate_lapis_ore":6,"minecraft:oak_log":7,"minecraft:coal_ore":68,"minecraft:deepslate_iron_ore":34,"minecraft:dirt":9,"minecraft:cobweb":14,"minecraft:smooth_basalt":3,"minecraft:stone":166,"minecraft:deepslate":175},"minecraft:dropped":{"minecraft:tuff":2,"minecraft:gunpowder":15,"minecraft:diorite":7,"minecraft:andesite":19,"minecraft:oak_sapling":1,"gravestone:obituary":5,"minecraft:spider_eye":22,"minecraft:string":20},"minecraft:killed":{"minecraft:cave_spider":10,"minecraft:witch":1,"minecraft:spider":11,"minecraft:creeper":8,"minecraft:skeleton":13,"minecraft:zombie":46,"minecraft:cow":1},"minecraft:custom":{"minecraft:interact_with_furnace":29,"minecraft:mob_kills":91,"minecraft:interact_with_crafting_table":24,"minecraft:leave_game":1,"minecraft:time_since_death":44743,"minecraft:damage_resisted":68,"minecraft:time_since_rest":44780,"minecraft:sprint_one_cm":197906,"minecraft:damage_absorbed":84,"minecraft:damage_taken":2545,"minecraft:walk_one_cm":392343,"minecraft:damage_blocked_by_shield":875,"minecraft:drop":14,"minecraft:damage_dealt":16883,"minecraft:swim_one_cm":27451,"minecraft:fly_one_cm":128679,"minecraft:open_chest":17,"minecraft:play_time":89004,"minecraft:crouch_one_cm":17431,"minecraft:deaths":6,"minecraft:sneak_time":11249,"minecraft:walk_under_water_one_cm":45680,"minecraft:jump":1307,"minecraft:walk_on_water_one_cm":16581,"minecraft:total_world_time":89004,"minecraft:fall_one_cm":31754},"minecraft:broken":{"minecraft:stone_pickaxe":3,"minecraft:iron_axe":1},"minecraft:killed_by":{"minecraft:creeper":1,"cave_dweller:cave_dweller":2},"minecraft:crafted":{"minecraft:oak_planks":12,"minecraft:crafting_table":1,"minecraft:wooden_pickaxe":1,"minecraft:iron_helmet":1,"minecraft:furnace":1,"minecraft:birch_planks":32,"minecraft:stone_axe":1,"minecraft:air":0,"minecraft:iron_boots":1,"minecraft:iron_chestplate":1,"minecraft:shield":1,"minecraft:iron_axe":1,"minecraft:stick":24,"minecraft:iron_ingot":33,"minecraft:iron_pickaxe":1,"minecraft:stone_pickaxe":3,"minecraft:wooden_axe":1,"minecraft:stone_sword":1,"minecraft:iron_leggings":1}},"DataVersion":3465}